Sample_Size,Exp_ID,T,Y,True_Effect,MAE_Full,MAE_Local,Time_Full,Time_Local,Eff_Full,Eff_Local,Set_Size_Full,Set_Size_Local,MAE_Full_n,MAE_Local_n,Time_Full_n,Time_Local_n,Vars_Full,Vars_Local,Eff_Full_n,Eff_Local_n,Set_Size_Full_n,Set_Size_Local_n
500,0,CO,VENTLUNG,2.0,0.0,0.0,0.06890702247619629,0.0107879638671875,2.0,2.0,1,1,0.22219752875416696,0.07585984138486479,0.03295540809631348,0.009096145629882812,37,13,2.07586|2.25923|2.3315,2.07586,3,1
500,1,CO,VENTLUNG,2.0,0.0,0.0,0.029600143432617188,0.012382984161376953,2.0,2.0,1,1,0.13193829752202837,0.061516958105062525,0.03350830078125,0.009263277053833008,37,13,2.04401|2.06152|2.29029,2.06152,3,1
500,2,HRSAT,VENTALV,2.0,0.0,0.0,0.03041839599609375,0.008707284927368164,2.0,2.0,1,1,0.025282095929717308,0.025282095929717308,0.03330826759338379,0.007270336151123047,37,11,2.02528,2.02528,1,1
500,3,CO,VENTLUNG,2.0,0.0,0.0,0.03746366500854492,0.010032892227172852,2.0,2.0,1,1,0.1558060926333047,0.10150398092002133,0.0329740047454834,0.008944034576416016,37,13,1.80418|1.82991|1.8985,1.8985,3,1
500,4,HRBP,INSUFFANESTH,1.0,0.0,0.0,0.030857324600219727,0.007842540740966797,1.0,1.0,1,1,0.03840555776190291,0.004476733703621005,0.026313066482543945,0.005963325500488281,37,7,0.92767|0.99552,0.99552,2,1
500,5,CO,HYPOVOLEMIA,1.0,0.3333333333333333,0.5,0.025946378707885742,0.019017457962036133,0.0|1.0,0.0|1.0,2,2,0.34442392973273267,0.4843673170854911,0.028910398483276367,0.009225130081176758,37,6,0.06436|1.0331|1.06454,0.06436|1.0331,3,2
500,6,EXPCO2,MINVOLSET,2.0,0.0,0.0,0.03492403030395508,0.015323877334594727,2.0,2.0,1,1,0.00231264474183579,0.00231264474183579,0.02801966667175293,0.015207529067993164,37,17,2.00231,2.00231,1,1
500,7,BP,VENTALV,2.0,1.0,1.0,0.027412891387939453,0.013800621032714844,0.0|2.0,0.0|2.0,2,2,0.9598886697533313,0.9598886697533313,0.03649640083312988,0.013202905654907227,37,12,0.13097|2.05075,0.13097|2.05075,2,2
500,8,CATECHOL,SHUNT,1.0,0.0,0.0,0.034331560134887695,0.008775711059570312,1.0,1.0,1,1,0.0018418584836492613,0.0018418584836492613,0.025450468063354492,0.008612632751464844,37,8,1.00184,1.00184,1,1
500,9,SAO2,VENTALV,1.0,0.0,0.0,0.027132272720336914,0.009866952896118164,1.0,1.0,1,1,0.034727222827184434,0.034727222827184434,0.03590035438537598,0.00943303108215332,37,11,0.96527,0.96527,1,1
500,10,HREKG,INTUBATION,5.0,0.0,0.0,0.02759552001953125,0.012262344360351562,5.0,5.0,1,1,0.07132977757784076,0.07132977757784076,0.034403324127197266,0.011827468872070312,37,16,4.92867,4.92867,1,1
500,11,ARTCO2,DISCONNECT,1.0,0.0,0.0,0.02832508087158203,0.01241159439086914,1.0,1.0,1,1,0.11035977079323478,0.11035977079323478,0.037006378173828125,0.013436317443847656,37,16,0.88964,0.88964,1,1
500,12,SAO2,VENTMACH,1.0,0.0,0.0,0.03171205520629883,0.014402627944946289,1.0,1.0,1,1,0.03830049463976404,0.03830049463976404,0.026226282119750977,0.013977766036987305,37,16,0.9617,0.9617,1,1
500,13,CO,SAO2,1.0,0.0,0.0,0.02930760383605957,0.005881071090698242,1.0,1.0,1,1,0.018751600363760074,0.0029668550571746444,0.0333714485168457,0.006870746612548828,37,7,0.94954|0.99703|0.99717,0.99703,3,1
500,14,CO,INTUBATION,5.0,0.0,0.0,0.030086755752563477,0.01349639892578125,5.0,5.0,1,1,0.14739942531638572,0.1763276981859967,0.03778576850891113,0.012391328811645508,37,16,4.74762|4.82367|4.98651,4.82367,3,1
500,15,HREKG,ANAPHYLAXIS,1.0,0.0,0.0,0.026964426040649414,0.01932525634765625,1.0,1.0,1,1,0.0024779820423542764,0.0024779820423542764,0.02654886245727539,0.009613752365112305,37,9,0.99752,0.99752,1,1
500,16,CO,TPR,1.0,0.3333333333333333,0.25,0.03603410720825195,0.010964632034301758,1.0|1.5,1.0|1.5,2,2,0.2992619327278912,0.26316036862114833,0.0271456241607666,0.007805585861206055,37,8,0.94187|1.37147|1.46819,0.94187|1.46819,3,2
500,17,BP,MINVOLSET,2.0,1.0,1.0,0.025776386260986328,0.0172884464263916,0.0|2.0,0.0|2.0,2,2,1.087702095057372,1.087702095057372,0.03169369697570801,0.01823139190673828,37,18,-0.04438|2.13103,-0.04438|2.13103,2,2
500,18,CATECHOL,PULMEMBOLUS,1.0,0.0,0.0,0.0365447998046875,0.00879049301147461,1.0,1.0,1,1,0.10996947086456088,0.10996947086456088,0.027852773666381836,0.008026838302612305,37,10,1.10997,1.10997,1,1
500,19,HREKG,SHUNT,1.0,0.0,0.0,0.02596569061279297,0.00727534294128418,1.0,1.0,1,1,0.04537719974881105,0.04537719974881105,0.03167462348937988,0.006198406219482422,37,8,0.95462,0.95462,1,1
500,20,HRBP,TPR,1.0,0.0,0.0,0.028666019439697266,0.011250734329223633,1.0,1.0,1,1,0.08671758702260335,0.032466331158117256,0.037358760833740234,0.010172605514526367,37,8,1.03247|1.14097,1.03247,2,1
500,21,HRSAT,VENTTUBE,2.0,0.0,0.0,0.03192925453186035,0.011876344680786133,2.0,2.0,1,1,0.04914442045154699,0.04914442045154699,0.024696826934814453,0.011964082717895508,37,15,2.04914,2.04914,1,1
500,22,HRBP,INTUBATION,5.0,0.0,0.0,0.038665056228637695,0.01380610466003418,5.0,5.0,1,1,0.12649552245777906,0.03790592570443696,0.03130984306335449,0.013071060180664062,37,16,4.78491|5.03791,5.03791,2,1
500,23,HREKG,VENTALV,2.0,0.0,0.0,0.03678297996520996,0.010165691375732422,2.0,2.0,1,1,0.002583860807095162,0.002583860807095162,0.029201030731201172,0.010761260986328125,37,11,1.99742,1.99742,1,1
500,24,VENTTUBE,MINVOLSET,1.0,0.0,0.0,0.028673171997070312,0.01527714729309082,1.0,1.0,1,1,0.27130231269636607,0.27130231269636607,0.037537574768066406,0.01435542106628418,37,17,1.2713,1.2713,1,1
500,25,HRSAT,SAO2,1.0,0.0,0.0,0.03255939483642578,0.005715608596801758,1.0,1.0,1,1,0.07897555271812873,0.07897555271812873,0.025369644165039062,0.004954814910888672,37,7,0.92102,0.92102,1,1
500,26,PCWP,LVFAILURE,1.0,0.0,0.0,0.025370359420776367,0.013462305068969727,1.0,1.0,1,1,0.012217668614056487,0.012217668614056487,0.02723979949951172,0.005946159362792969,37,6,1.01222,1.01222,1,1
500,27,CATECHOL,PULMEMBOLUS,1.0,0.0,0.0,0.024660348892211914,0.008597612380981445,1.0,1.0,1,1,0.08759305353659985,0.08759305353659985,0.03353142738342285,0.007386207580566406,37,10,0.91241,0.91241,1,1
500,28,CO,ANAPHYLAXIS,1.0,0.3333333333333333,0.25,0.03483843803405762,0.009441137313842773,1.0|1.5,1.0|1.5,2,2,0.2987035604999458,0.2620110706764706,0.02677607536315918,0.01827692985534668,37,9,0.96599|1.37209|1.49001,0.96599|1.49001,3,2
500,29,HREKG,PULMEMBOLUS,1.0,0.0,0.0,0.03290200233459473,0.008701801300048828,1.0,1.0,1,1,0.12939135451177197,0.12939135451177197,0.029340267181396484,0.007389068603515625,37,10,1.12939,1.12939,1,1
500,30,ARTCO2,KINKEDTUBE,1.0,0.0,0.0,0.028873920440673828,0.011707067489624023,1.0,1.0,1,1,0.03666746973302115,0.03666746973302115,0.03431248664855957,0.011229753494262695,37,15,1.03667,1.03667,1,1
500,31,HREKG,PULMEMBOLUS,1.0,0.0,0.0,0.02398681640625,0.006671905517578125,1.0,1.0,1,1,0.04842536223063898,0.04842536223063898,0.0373992919921875,0.006082773208618164,37,10,1.04843,1.04843,1,1
500,32,CO,ANAPHYLAXIS,1.0,0.3333333333333333,0.25,0.03381514549255371,0.008471488952636719,1.0|1.5,1.0|1.5,2,2,0.29619706729295636,0.28829336172674946,0.02183246612548828,0.00751185417175293,37,9,0.86581|1.312|1.4424,0.86581|1.4424,3,2
500,33,BP,ANAPHYLAXIS,2.0,0.5,0.5,0.02367997169494629,0.01007223129272461,1.0|2.0,1.0|2.0,2,2,0.5167399373068757,0.5167399373068757,0.02818441390991211,0.007897377014160156,37,9,1.00899|2.04247,1.00899|2.04247,2,2
500,34,PCWP,HYPOVOLEMIA,1.0,0.0,0.0,0.022852659225463867,0.0047609806060791016,1.0,1.0,1,1,0.0950227872642937,0.0950227872642937,0.03316164016723633,0.003931999206542969,37,5,1.09502,1.09502,1,1
500,35,HR,VENTALV,2.0,0.0,0.0,0.029649734497070312,0.007947206497192383,2.0,2.0,1,1,0.0789693374657201,0.0789693374657201,0.022387266159057617,0.014641761779785156,37,11,2.07897,2.07897,1,1
500,36,HR,SHUNT,1.0,0.0,0.0,0.09867191314697266,0.015145063400268555,1.0,1.0,1,1,0.03331653784627964,0.03331653784627964,0.12515902519226074,0.007637500762939453,37,8,1.03332,1.03332,1,1
500,37,ARTCO2,DISCONNECT,1.0,0.0,0.0,0.24052882194519043,0.0261385440826416,1.0,1.0,1,1,0.029778552844923478,0.029778552844923478,0.5532655715942383,0.029162883758544922,37,16,1.02978,1.02978,1,1
500,38,CO,VENTALV,2.0,0.0,0.0,0.027146100997924805,0.01081991195678711,2.0,2.0,1,1,0.11315448627346407,0.054508749902280496,0.03804445266723633,0.011530160903930664,37,11,1.78177|1.93328|1.94549,1.94549,3,1
500,39,HRBP,KINKEDTUBE,2.0,0.0,0.0,0.03439188003540039,0.011834144592285156,2.0,2.0,1,1,0.09225288518925534,0.023495939277909272,0.04169344902038574,0.012643098831176758,37,15,1.83899|1.9765,1.9765,2,1
500,40,BP,INTUBATION,5.0,2.5,2.5,0.035384416580200195,0.018321990966796875,0.0|5.0,0.0|5.0,2,2,2.8798151964441234,2.8798151964441234,0.030670881271362305,0.023448705673217773,37,17,-0.19127|5.56836,-0.19127|5.56836,2,2
500,41,SAO2,MINVOLSET,1.0,0.0,0.0,0.038208723068237305,0.01767873764038086,1.0,1.0,1,1,0.11415972857846601,0.11415972857846601,0.027587890625,0.01800680160522461,37,17,0.88584,0.88584,1,1
500,42,HRBP,VENTMACH,2.0,0.0,0.0,0.025540828704833984,0.013892412185668945,2.0,2.0,1,1,0.04180266630975593,0.04838300254943251,0.03876018524169922,0.012655258178710938,37,16,1.95162|1.96478,1.95162,2,1
500,43,HRBP,VENTALV,2.0,0.0,0.0,0.024220943450927734,0.010469913482666016,2.0,2.0,1,1,0.19731031951033362,0.12095171906707058,0.03273963928222656,0.008423805236816406,37,11,1.72633|1.87905,1.87905,2,1
500,44,PVSAT,VENTTUBE,0.9999999999999996,0.0,0.0,0.026049375534057617,0.01253199577331543,1.0,1.0,1,1,0.1380883356394782,0.1380883356394782,0.029216766357421875,0.010086297988891602,37,15,1.13809,1.13809,1,1
500,45,EXPCO2,DISCONNECT,2.0,0.0,0.0,0.029496431350708008,0.01183629035949707,2.0,2.0,1,1,0.06204266496880084,0.06204266496880084,0.022032499313354492,0.011750459671020508,37,16,2.06204,2.06204,1,1
500,46,CO,PULMEMBOLUS,1.0,0.0,0.0,0.023910999298095703,0.00667119026184082,1.0,1.0,1,1,0.043536969791354796,0.02953573094837536,0.02854466438293457,0.006715059280395508,37,10,0.91304|0.97046|0.98588,0.97046,3,1
500,47,CATECHOL,VENTMACH,2.0,0.0,0.0,0.03138375282287598,0.012012481689453125,2.0,2.0,1,1,0.10517139154875954,0.10517139154875954,0.02216506004333496,0.019211530685424805,37,16,2.10517,2.10517,1,1
500,48,MINVOL,KINKEDTUBE,1.0,0.0,0.0,0.03432583808898926,0.010925769805908203,1.0,1.0,1,1,0.07046185681221528,0.07046185681221528,0.02851080894470215,0.010046243667602539,37,15,0.92954,0.92954,1,1
500,49,HRSAT,KINKEDTUBE,2.0,0.0,0.0,0.03165268898010254,0.015260696411132812,2.0,2.0,1,1,0.06269662946330512,0.06269662946330512,0.03623318672180176,0.010946273803710938,37,15,1.9373,1.9373,1,1
1000,0,HR,INSUFFANESTH,1.0,0.0,0.0,0.030556917190551758,0.006922721862792969,1.0,1.0,1,1,0.003211356818872968,0.003211356818872968,0.03299140930175781,0.004893302917480469,37,7,1.00321,1.00321,1,1
1000,1,CO,ARTCO2,1.0,0.0,0.0,0.027306795120239258,0.006974935531616211,1.0,1.0,1,1,0.028648517644449683,0.009600106497668959,0.037998199462890625,0.0061991214752197266,37,8,1.0096|1.01331|1.06303,1.0096,3,1
1000,2,HREKG,INSUFFANESTH,1.0,0.0,0.0,0.03341412544250488,0.006317853927612305,1.0,1.0,1,1,0.01453383823961052,0.01453383823961052,0.025433778762817383,0.005795478820800781,37,7,0.98547,0.98547,1,1
1000,3,HRSAT,CATECHOL,1.0,0.0,0.0,0.02845144271850586,0.0061490535736083984,1.0,1.0,1,1,0.06923707125128897,0.06923707125128897,0.03399085998535156,0.004754304885864258,37,6,0.93076,0.93076,1,1
1000,4,CO,PVSAT,1.0,0.0,0.0,0.029280424118041992,0.007574319839477539,1.0,1.0,1,1,0.03859981299402848,0.010071479617838053,0.04032135009765625,0.006862640380859375,37,8,0.97462|1.01007|1.08034,1.01007,3,1
1000,5,PRESS,MINVOLSET,1.0,0.0,0.0,0.02783989906311035,0.014638900756835938,1.0,1.0,1,1,0.034614093173266136,0.034614093173266136,0.03675341606140137,0.015079259872436523,37,17,1.03461,1.03461,1,1
1000,6,HR,SHUNT,1.0,0.0,0.0,0.028943538665771484,0.006385087966918945,1.0,1.0,1,1,0.03130469500252553,0.03130469500252553,0.03293156623840332,0.006632804870605469,37,8,0.9687,0.9687,1,1
1000,7,HR,VENTALV,2.0,0.0,0.0,0.03957056999206543,0.011114120483398438,2.0,2.0,1,1,0.044697440462420523,0.044697440462420523,0.029052734375,0.009734153747558594,37,11,2.0447,2.0447,1,1
1000,8,HRSAT,PVSAT,1.0,0.0,0.0,0.02863931655883789,0.00609588623046875,1.0,1.0,1,1,0.022498580320452044,0.022498580320452044,0.03314042091369629,0.00583195686340332,37,8,0.9775,0.9775,1,1
1000,9,HRSAT,ANAPHYLAXIS,1.0,0.0,0.0,0.027325868606567383,0.009811162948608398,1.0,1.0,1,1,0.008661485257533963,0.008661485257533963,0.0375826358795166,0.010352611541748047,37,9,1.00866,1.00866,1,1
1000,10,HR,PULMEMBOLUS,1.0,0.0,0.0,0.03718113899230957,0.008538961410522461,1.0,1.0,1,1,0.02059515653655819,0.02059515653655819,0.030049562454223633,0.006235599517822266,37,10,0.9794,0.9794,1,1
1000,11,CATECHOL,VENTALV,2.0,0.0,0.0,0.04127764701843262,0.010703802108764648,2.0,2.0,1,1,0.08060187889230619,0.08060187889230619,0.02737140655517578,0.009322881698608398,37,11,1.9194,1.9194,1,1
1000,12,EXPCO2,VENTALV,1.0,0.0,0.0,0.03377366065979004,0.011290550231933594,1.0,1.0,1,1,0.045982067849043795,0.045982067849043795,0.03636002540588379,0.009546518325805664,37,11,0.95402,0.95402,1,1
1000,13,HRBP,PVSAT,1.0,0.0,0.0,0.030863523483276367,0.00738978385925293,1.0,1.0,1,1,0.021142133876464964,0.029744894560582713,0.04270362854003906,0.006918668746948242,37,8,0.97026|0.98746,0.97026,2,1
1000,14,PVSAT,VENTLUNG,0.9999999999999996,0.0,0.0,0.04116487503051758,0.011414527893066406,1.0,1.0,1,1,0.05404142251977517,0.05404142251977517,0.028886079788208008,0.0118408203125,37,13,1.05404,1.05404,1,1
1000,15,BP,CATECHOL,1.0,0.5,0.5,0.030387163162231445,0.017047882080078125,0.0|1.0,0.0|1.0,2,2,0.5575063799111522,0.5575063799111522,0.032327890396118164,0.009652137756347656,37,7,-0.07928|0.96427,-0.07928|0.96427,2,2
1000,16,CO,SAO2,1.0,0.0,0.0,0.027118206024169922,0.008319377899169922,1.0,1.0,1,1,0.02270040267918368,0.0009949428568253316,0.035965919494628906,0.007105112075805664,37,7,0.93623|0.99666|0.99901,0.99901,3,1
1000,17,BP,LVFAILURE,1.0,0.5,0.5,0.027751922607421875,0.009859800338745117,0.0|1.0,0.0|1.0,2,2,0.5904822678538311,0.5904822678538311,0.027395009994506836,0.01618647575378418,37,8,-0.13543|1.04554,-0.13543|1.04554,2,2
1000,18,PVSAT,DISCONNECT,0.9999999999999996,0.0,0.0,0.026766061782836914,0.0140838623046875,1.0,1.0,1,1,0.04353750881991825,0.04353750881991825,0.03529477119445801,0.014523744583129883,37,16,0.95646,0.95646,1,1
1000,19,SAO2,VENTMACH,1.0,0.0,0.0,0.030956268310546875,0.016660690307617188,1.0,1.0,1,1,0.00861979008489977,0.00861979008489977,0.03704214096069336,0.015968799591064453,37,16,0.99138,0.99138,1,1
1000,20,BP,INTUBATION,5.0,2.5,2.5,0.024611234664916992,0.014821052551269531,0.0|5.0,0.0|5.0,2,2,2.744726721090196,2.744726721090196,0.032305002212524414,0.014392375946044922,37,17,-0.33203|4.84257,-0.33203|4.84257,2,2
1000,21,PVSAT,DISCONNECT,0.9999999999999996,0.0,0.0,0.022323131561279297,0.01166391372680664,1.0,1.0,1,1,0.04561435362315647,0.04561435362315647,0.03285861015319824,0.01002645492553711,37,16,0.95439,0.95439,1,1
1000,22,BP,MINVOLSET,2.0,1.0,1.0,0.03242182731628418,0.014991521835327148,0.0|2.0,0.0|2.0,2,2,1.06895636328786,1.06895636328786,0.022649288177490234,0.02164149284362793,37,18,-0.07645|2.06146,-0.07645|2.06146,2,2
1000,23,BP,SAO2,1.0,0.5,0.5,0.032876014709472656,0.011997461318969727,0.0|1.0,0.0|1.0,2,2,0.5097112792327952,0.5097112792327952,0.02707982063293457,0.007585763931274414,37,8,0.05086|1.07028,0.05086|1.07028,2,2
1000,24,EXPCO2,INTUBATION,3.0,0.0,0.0,0.023573637008666992,0.011882543563842773,3.0,3.0,1,1,0.03776535998803965,0.03776535998803965,0.034638166427612305,0.010823726654052734,37,16,2.96223,2.96223,1,1
1000,25,HRBP,DISCONNECT,2.0,0.0,0.0,0.03641366958618164,0.011820316314697266,2.0,2.0,1,1,0.07764339760518113,0.026519056086165893,0.024157047271728516,0.010861635208129883,37,16,2.02652|2.12877,2.02652,2,1
1000,26,HRBP,FIO2,1.0,0.0,0.0,0.021423816680908203,0.006264209747314453,1.0,1.0,1,1,0.01666360119722493,0.01132340858627745,0.032288551330566406,0.0053119659423828125,37,9,0.978|0.98868,0.98868,2,1
1000,27,ARTCO2,INTUBATION,1.9999999999999984,0.0,0.0,0.02684926986694336,0.01064610481262207,2.0,2.0,1,1,0.029533692226686226,0.029533692226686226,0.03726625442504883,0.009566545486450195,37,16,2.02953,2.02953,1,1
1000,28,HREKG,PVSAT,1.0,0.0,0.0,0.03257560729980469,0.006942033767700195,1.0,1.0,1,1,0.0004862477158986689,0.0004862477158986689,0.026338815689086914,0.004914283752441406,37,8,1.00049,1.00049,1,1
1000,29,HRSAT,PULMEMBOLUS,1.0,0.0,0.0,0.027059316635131836,0.006165266036987305,1.0,1.0,1,1,0.026326284372778064,0.026326284372778064,0.028779029846191406,0.005354881286621094,37,10,1.02633,1.02633,1,1
1000,30,CO,CATECHOL,1.0,0.0,0.0,0.026916980743408203,0.006284236907958984,1.0,1.0,1,1,0.09699005803149947,0.046967529923182316,0.031016826629638672,0.004110574722290039,37,6,0.86624|0.88976|0.95303,0.95303,3,1
1000,31,HR,INSUFFANESTH,1.0,0.0,0.0,0.03160357475280762,0.010614395141601562,1.0,1.0,1,1,0.014563865346908567,0.014563865346908567,0.03887176513671875,0.00514531135559082,37,7,0.98544,0.98544,1,1
1000,32,HRSAT,TPR,1.0,0.0,0.0,0.03572845458984375,0.020814180374145508,1.0,1.0,1,1,0.0017690874501746778,0.0017690874501746778,0.03887462615966797,0.009550094604492188,37,8,0.99823,0.99823,1,1
1000,33,HR,SHUNT,1.0,0.0,0.0,0.04367232322692871,0.013484477996826172,1.0,1.0,1,1,0.0915803951244234,0.0915803951244234,0.03535962104797363,0.01250147819519043,37,8,1.09158,1.09158,1,1
1000,34,PVSAT,VENTTUBE,0.9999999999999996,0.0,0.0,0.02807760238647461,0.012732505798339844,1.0,1.0,1,1,0.02046830438392644,0.02046830438392644,0.03452944755554199,0.011861085891723633,37,15,0.97953,0.97953,1,1
1000,35,PRESS,DISCONNECT,1.0,0.0,0.0,0.050792694091796875,0.016106605529785156,1.0,1.0,1,1,0.016592042923707195,0.016592042923707195,0.030235767364501953,0.014145374298095703,37,16,0.98341,0.98341,1,1
1000,36,PRESS,MINVOLSET,1.0,0.0,0.0,0.03923845291137695,0.01442718505859375,1.0,1.0,1,1,0.031230164943235383,0.031230164943235383,0.032370805740356445,0.02316117286682129,37,17,0.96877,0.96877,1,1
1000,37,HRBP,VENTMACH,2.0,0.0,0.0,0.03560137748718262,0.015274286270141602,2.0,2.0,1,1,0.20105971471405137,0.10707844098859609,0.02936577796936035,0.017827987670898438,37,16,1.70496|1.89292,1.89292,2,1
1000,38,PVSAT,DISCONNECT,0.9999999999999996,0.0,0.0,0.031049489974975586,0.013207197189331055,1.0,1.0,1,1,0.01064494238191116,0.01064494238191116,0.03820443153381348,0.012900590896606445,37,16,0.98936,0.98936,1,1
1000,39,HRBP,VENTLUNG,2.0,0.0,0.0,0.044114112854003906,0.011827707290649414,2.0,2.0,1,1,0.02781473594876971,0.023363371495791263,0.02701258659362793,0.011000394821166992,37,13,2.02336|2.03227,2.02336,2,1
1000,40,CATECHOL,MINVOLSET,2.0,0.0,0.0,0.027735471725463867,0.026067733764648438,2.0,2.0,1,1,0.07680793599225111,0.07680793599225111,0.02837991714477539,0.017599821090698242,37,17,1.92319,1.92319,1,1
1000,41,BP,PULMEMBOLUS,1.0,0.5,0.5,0.03932499885559082,0.011356115341186523,0.0|1.0,0.0|1.0,2,2,0.46449385334587917,0.46449385334587917,0.0308225154876709,0.010960817337036133,37,11,0.09524|1.02423,0.09524|1.02423,2,2
1000,42,ARTCO2,VENTMACH,1.0,0.0,0.0,0.03234672546386719,0.018598318099975586,1.0,1.0,1,1,0.09692944678467508,0.09692944678467508,0.0482022762298584,0.015210628509521484,37,16,1.09693,1.09693,1,1
1000,43,CO,SHUNT,1.0,0.0,0.0,0.027420997619628906,0.010172367095947266,1.0,1.0,1,1,0.05030826472481661,0.015430275138687444,0.04781341552734375,0.006712675094604492,37,8,1.01543|1.05165|1.08384,1.01543,3,1
1000,44,HREKG,VENTMACH,2.0,0.0,0.0,0.03386998176574707,0.017632007598876953,2.0,2.0,1,1,0.02360292940689046,0.02360292940689046,0.030127286911010742,0.015604019165039062,37,16,2.0236,2.0236,1,1
1000,45,HRBP,FIO2,1.0,0.0,0.0,0.030923128128051758,0.008233785629272461,1.0,1.0,1,1,0.03890730913085427,0.04884200563400709,0.02738666534423828,0.0065059661865234375,37,9,1.02897|1.04884,1.04884,2,1
1000,46,HRSAT,MINVOLSET,2.0,0.0,0.0,0.04025983810424805,0.014467000961303711,2.0,2.0,1,1,0.05104089302334236,0.05104089302334236,0.028183937072753906,0.013756275177001953,37,17,2.05104,2.05104,1,1
1000,47,HRSAT,PVSAT,1.0,0.0,0.0,0.025904178619384766,0.007880210876464844,1.0,1.0,1,1,0.029780726087945575,0.029780726087945575,0.03243541717529297,0.006955862045288086,37,8,0.97022,0.97022,1,1
1000,48,HRSAT,SHUNT,1.0,0.0,0.0,0.029937267303466797,0.007953405380249023,1.0,1.0,1,1,0.058046796725437444,0.058046796725437444,0.03588128089904785,0.0069124698638916016,37,8,1.05805,1.05805,1,1
1000,49,HRBP,ANAPHYLAXIS,1.0,0.0,0.0,0.03883695602416992,0.035001516342163086,1.0,1.0,1,1,0.054631810682346904,0.04032325500284584,0.029583454132080078,0.013458251953125,37,9,1.04032|1.06894,1.04032,2,1
2500,0,BP,STROKEVOLUME,1.0,0.5,0.5,0.034203529357910156,0.008002519607543945,0.0|1.0,0.0|1.0,2,2,0.5007412693017972,0.5007412693017972,0.028104782104492188,0.006699800491333008,37,3,0.0238|0.97472,0.0238|0.97472,2,2
2500,1,BP,PVSAT,1.0,0.5,0.5,0.030831575393676758,0.012790203094482422,0.0|1.0,0.0|1.0,2,2,0.49611616503545436,0.49611616503545436,0.03513312339782715,0.008987903594970703,37,9,0.02365|0.98412,0.02365|0.98412,2,2
2500,2,CATECHOL,VENTTUBE,2.0,0.0,0.0,0.042868614196777344,0.014566421508789062,2.0,2.0,1,1,0.01405815317950454,0.01405815317950454,0.04068470001220703,0.01407933235168457,37,15,2.01406,2.01406,1,1
2500,3,SAO2,DISCONNECT,1.0,0.0,0.0,0.029738903045654297,0.023409366607666016,1.0,1.0,1,1,0.010142219000610408,0.010142219000610408,0.04604530334472656,0.02018594741821289,37,16,1.01014,1.01014,1,1
2500,4,HRSAT,CATECHOL,1.0,0.0,0.0,0.03006434440612793,0.008090972900390625,1.0,1.0,1,1,0.04977830544270434,0.04977830544270434,0.05444765090942383,0.009390592575073242,37,6,1.04978,1.04978,1,1
2500,5,MINVOL,VENTTUBE,1.0,0.0,0.0,0.03804612159729004,0.012115478515625,1.0,1.0,1,1,0.024902387612095067,0.024902387612095067,0.02921915054321289,0.011883020401000977,37,15,1.0249,1.0249,1,1
2500,6,CO,INSUFFANESTH,1.0,0.0,0.0,0.03248119354248047,0.007927656173706055,1.0,1.0,1,1,0.009364538587561108,0.0059529657588293095,0.044611454010009766,0.006392240524291992,37,7,0.98788|0.98998|0.99405,0.99405,3,1
2500,7,EXPCO2,VENTMACH,2.0,0.0,0.0,0.040857553482055664,0.019112348556518555,2.0,2.0,1,1,0.019620316953103956,0.019620316953103956,0.026202678680419922,0.015705585479736328,37,16,2.01962,2.01962,1,1
2500,8,HR,VENTTUBE,2.0,0.0,0.0,0.03263521194458008,0.01560354232788086,2.0,2.0,1,1,0.16860132758523383,0.16860132758523383,0.03543448448181152,0.010625839233398438,37,15,2.1686,2.1686,1,1
2500,9,CO,PULMEMBOLUS,1.0,0.0,0.0,0.031359195709228516,0.007916688919067383,1.0,1.0,1,1,0.02321387325125605,0.014905905521170881,0.03856229782104492,0.008188009262084961,37,10,1.01479|1.01491|1.03994,1.01491,3,1
2500,10,CATECHOL,DISCONNECT,2.0,0.0,0.0,0.03826260566711426,0.01774120330810547,2.0,2.0,1,1,0.08651795508452764,0.08651795508452764,0.029983997344970703,0.015023469924926758,37,16,1.91348,1.91348,1,1
2500,11,CO,TPR,1.0,0.3333333333333333,0.25,0.032021522521972656,0.013602018356323242,1.0|1.5,1.0|1.5,2,2,0.3582947783611461,0.27066800453691797,0.044029951095581055,0.011483430862426758,37,8,1.03288|1.50846|1.53355,1.03288|1.50846,3,2
2500,12,BP,CATECHOL,1.0,0.5,0.5,0.03376364707946777,0.008298397064208984,0.0|1.0,0.0|1.0,2,2,0.4875395164093306,0.4875395164093306,0.037151336669921875,0.009427070617675781,37,7,0.04516|1.02024,0.04516|1.02024,2,2
2500,13,PVSAT,KINKEDTUBE,0.9999999999999996,0.0,0.0,0.028254985809326172,0.013877391815185547,1.0,1.0,1,1,0.005653574596992339,0.005653574596992339,0.03850722312927246,0.014759063720703125,37,15,1.00565,1.00565,1,1
2500,14,HRSAT,SAO2,1.0,0.0,0.0,0.0476689338684082,0.008867263793945312,1.0,1.0,1,1,0.010661483800126992,0.010661483800126992,0.03714394569396973,0.0070879459381103516,37,7,0.98934,0.98934,1,1
2500,15,CATECHOL,KINKEDTUBE,2.0,0.0,0.0,0.028146743774414062,0.012766599655151367,2.0,2.0,1,1,0.02967275879988751,0.02967275879988751,0.04295611381530762,0.01004481315612793,37,15,2.02967,2.02967,1,1
2500,16,BP,VENTMACH,2.0,1.0,1.0,0.03420519828796387,0.01776123046875,0.0|2.0,0.0|2.0,2,2,1.0603011155985091,1.0603011155985091,0.02633047103881836,0.017174959182739258,37,17,-0.1|2.0206,-0.1|2.0206,2,2
2500,17,HRBP,VENTTUBE,2.0,0.0,0.0,0.038263559341430664,0.014662981033325195,2.0,2.0,1,1,0.07241267038760602,0.05002905708221439,0.027622699737548828,0.014936208724975586,37,15,2.05003|2.0948,2.05003,2,1
2500,18,ARTCO2,VENTMACH,1.0,0.0,0.0,0.03022456169128418,0.018460512161254883,1.0,1.0,1,1,0.015898626158898255,0.015898626158898255,0.042548418045043945,0.015198945999145508,37,16,0.9841,0.9841,1,1
2500,19,CO,INSUFFANESTH,1.0,0.0,0.0,0.03869032859802246,0.009090900421142578,1.0,1.0,1,1,0.006934095861384308,0.009921203725618555,0.026613473892211914,0.008866071701049805,37,7,0.99008|0.9932|0.99591,0.99008,3,1
2500,20,CO,TPR,1.0,0.3333333333333333,0.25,0.030477523803710938,0.011472463607788086,1.0|1.5,1.0|1.5,2,2,0.3620886942453591,0.2728899390508107,0.040326595306396484,0.011924266815185547,37,8,1.03186|1.51392|1.54049,1.03186|1.51392,3,2
2500,21,PRESS,DISCONNECT,1.0,0.0,0.0,0.041245222091674805,0.01902461051940918,1.0,1.0,1,1,0.003068882087140956,0.003068882087140956,0.03724098205566406,0.01633477210998535,37,16,1.00307,1.00307,1,1
2500,22,PRESS,VENTMACH,1.0,0.0,0.0,0.035767555236816406,0.013691902160644531,1.0,1.0,1,1,0.026157482080435,0.026157482080435,0.03246426582336426,0.012814760208129883,37,16,0.97384,0.97384,1,1
2500,23,PVSAT,VENTLUNG,0.9999999999999996,0.0,0.0,0.03299236297607422,0.012068748474121094,1.0,1.0,1,1,0.04560138740905395,0.04560138740905395,0.027098894119262695,0.022457599639892578,37,13,1.0456,1.0456,1,1
2500,24,HREKG,INTUBATION,5.0,0.0,0.0,0.04976677894592285,0.01945328712463379,5.0,5.0,1,1,0.13776705455479288,0.13776705455479288,0.03462982177734375,0.02474665641784668,37,16,5.13777,5.13777,1,1
2500,25,CO,PVSAT,1.0,0.0,0.0,0.03848624229431152,0.011016845703125,1.0,1.0,1,1,0.006469478482450497,0.0007893338610601708,0.04761528968811035,0.0064928531646728516,37,8,0.99921|1.00028|1.01834,0.99921,3,1
2500,26,HRBP,KINKEDTUBE,2.0,0.0,0.0,0.04237055778503418,0.014216899871826172,2.0,2.0,1,1,0.11792161010706903,0.0802029370158881,0.03279519081115723,0.012325763702392578,37,15,1.84436|1.9198,1.9198,2,1
2500,27,SAO2,DISCONNECT,1.0,0.0,0.0,0.04648852348327637,0.021843433380126953,1.0,1.0,1,1,0.08798109199231652,0.08798109199231652,0.035385847091674805,0.01954174041748047,37,16,1.08798,1.08798,1,1
2500,28,SAO2,DISCONNECT,1.0,0.0,0.0,0.04807758331298828,0.02144598960876465,1.0,1.0,1,1,0.019566572121293757,0.019566572121293757,0.031599998474121094,0.019793033599853516,37,16,0.98043,0.98043,1,1
2500,29,VENTTUBE,MINVOLSET,1.0,0.0,0.0,0.0346379280090332,0.03389763832092285,1.0,1.0,1,1,0.0121692525511643,0.0121692525511643,0.037537574768066406,0.019167423248291016,37,17,1.01217,1.01217,1,1
2500,30,CO,SHUNT,1.0,0.0,0.0,0.04466819763183594,0.014986038208007812,1.0,1.0,1,1,0.009176300841129229,0.012066937191450355,0.0373225212097168,0.009918212890625,37,8,0.99402|1.00949|1.01207,1.01207,3,1
2500,31,PCWP,HYPOVOLEMIA,1.0,0.0,0.0,0.028705120086669922,0.006078243255615234,1.0,1.0,1,1,0.011162306228269081,0.011162306228269081,0.044286251068115234,0.0077173709869384766,37,5,1.01116,1.01116,1,1
2500,32,CO,CATECHOL,1.0,0.0,0.0,0.03324484825134277,0.01174306869506836,1.0,1.0,1,1,0.008730013271639284,0.0019269722015248236,0.04263591766357422,0.006910085678100586,37,6,0.97784|0.99807|1.00211,0.99807,3,1
2500,33,HR,SAO2,1.0,0.0,0.0,0.0305025577545166,0.007106304168701172,1.0,1.0,1,1,0.004132330808295559,0.004132330808295559,0.04277372360229492,0.009463310241699219,37,7,0.99587,0.99587,1,1
2500,34,HRSAT,VENTALV,2.0,0.0,0.0,0.042713165283203125,0.010613679885864258,2.0,2.0,1,1,0.049934389313878835,0.049934389313878835,0.03195762634277344,0.010366201400756836,37,11,1.95007,1.95007,1,1
2500,35,BP,PVSAT,1.0,0.5,0.5,0.032991886138916016,0.014842987060546875,0.0|1.0,0.0|1.0,2,2,0.49885761697946474,0.49885761697946474,0.047033071517944336,0.016333818435668945,37,9,0.00513|1.00285,0.00513|1.00285,2,2
2500,36,CO,VENTMACH,2.0,0.0,0.0,0.03553462028503418,0.01864004135131836,2.0,2.0,1,1,0.02794826909579869,0.0018925964370932746,0.030237197875976562,0.014357566833496094,37,16,1.94794|1.97011|2.00189,2.00189,3,1
2500,37,HRSAT,VENTMACH,2.0,0.0,0.0,0.05443835258483887,0.026667356491088867,2.0,2.0,1,1,0.013004076933857078,0.013004076933857078,0.027738094329833984,0.015071630477905273,37,16,1.987,1.987,1,1
2500,38,HR,VENTALV,2.0,0.0,0.0,0.045711517333984375,0.011927127838134766,2.0,2.0,1,1,0.100905437896319,0.100905437896319,0.035068511962890625,0.01542353630065918,37,11,1.89909,1.89909,1,1
2500,39,CO,INSUFFANESTH,1.0,0.0,0.0,0.03089761734008789,0.0069277286529541016,1.0,1.0,1,1,0.012977552002524298,0.007253848857752043,0.02883291244506836,0.008226156234741211,37,7,0.99437|1.00725|1.02605,1.00725,3,1
2500,40,SAO2,PULMEMBOLUS,1.0,0.0,0.0,0.025438547134399414,0.011240243911743164,1.0,1.0,1,1,0.002870778088513326,0.002870778088513326,0.03864693641662598,0.007716178894042969,37,10,0.99713,0.99713,1,1
2500,41,BP,VENTLUNG,2.0,1.0,1.0,0.03189826011657715,0.018468618392944336,0.0|2.0,0.0|2.0,2,2,1.0560556770208172,1.0560556770208172,0.0397641658782959,0.014412403106689453,37,14,-0.03791|2.0742,-0.03791|2.0742,2,2
2500,42,CATECHOL,VENTLUNG,2.0,0.0,0.0,0.03450131416320801,0.010516881942749023,2.0,2.0,1,1,0.050098616367194815,0.050098616367194815,0.027005434036254883,0.009470224380493164,37,13,2.0501,2.0501,1,1
2500,43,CVP,HYPOVOLEMIA,1.0,0.0,0.0,0.027682781219482422,0.006860971450805664,1.0,1.0,1,1,0.016944718981379503,0.016944718981379503,0.03608965873718262,0.005335569381713867,37,5,0.98306,0.98306,1,1
2500,44,CATECHOL,FIO2,1.0,0.0,0.0,0.039597272872924805,0.008510112762451172,1.0,1.0,1,1,0.036525351078506185,0.036525351078506185,0.026422500610351562,0.008543968200683594,37,9,1.03653,1.03653,1,1
2500,45,PVSAT,INTUBATION,2.0000000000000027,0.0,0.0,0.02907562255859375,0.033394575119018555,2.0,2.0,1,1,0.007648600905934444,0.007648600905934444,0.032834768295288086,0.015813589096069336,37,16,2.00765,2.00765,1,1
2500,46,HRBP,FIO2,1.0,0.0,0.0,0.03676581382751465,0.008185148239135742,1.0,1.0,1,1,0.1003299653856986,0.058119251899029445,0.027469158172607422,0.007501125335693359,37,9,0.85746|0.94188,0.94188,2,1
2500,47,HR,SHUNT,1.0,0.0,0.0,0.04109525680541992,0.009545087814331055,1.0,1.0,1,1,0.08814555139263291,0.08814555139263291,0.03450322151184082,0.008595466613769531,37,8,0.91185,0.91185,1,1
2500,48,HREKG,ANAPHYLAXIS,1.0,0.0,0.0,0.04134249687194824,0.011609077453613281,1.0,1.0,1,1,0.023719161535406874,0.023719161535406874,0.0322418212890625,0.011052608489990234,37,9,0.97628,0.97628,1,1
2500,49,CO,VENTLUNG,2.0,0.0,0.0,0.046613216400146484,0.012217998504638672,2.0,2.0,1,1,0.059027979423784536,0.02088114594678281,0.028708457946777344,0.019850730895996094,37,13,2.02088|2.05442|2.10179,2.02088,3,1
5000,0,VENTLUNG,DISCONNECT,0.9999999999999929,0.0,0.0,0.03798675537109375,0.015684127807617188,1.0,1.0,1,1,0.05347359740887703,0.05347359740887703,0.02791428565979004,0.015067815780639648,37,16,0.94653,0.94653,1,1
5000,1,BP,ANAPHYLAXIS,2.0,0.5,0.5,0.03138422966003418,0.011841058731079102,1.0|2.0,1.0|2.0,2,2,0.5316939156411743,0.5316939156411743,0.04096651077270508,0.009577512741088867,37,9,0.96647|1.97014,0.96647|1.97014,2,2
5000,2,HRBP,INSUFFANESTH,1.0,0.0,0.0,0.03556513786315918,0.005835056304931641,1.0,1.0,1,1,0.0034336606831402716,0.0026073928787652134,0.025984525680541992,0.004940032958984375,37,7,0.99574|0.99739,0.99739,2,1
5000,3,HR,MINVOLSET,2.0,0.0,0.0,0.04143857955932617,0.015141963958740234,2.0,2.0,1,1,0.024808630627336292,0.024808630627336292,0.03111553192138672,0.014469385147094727,37,17,2.02481,2.02481,1,1
5000,4,SAO2,MINVOLSET,1.0,0.0,0.0,0.02996683120727539,0.01639413833618164,1.0,1.0,1,1,0.02201635808119773,0.02201635808119773,0.0414736270904541,0.014507055282592773,37,17,0.97798,0.97798,1,1
5000,5,SAO2,VENTMACH,1.0,0.0,0.0,0.030849456787109375,0.020410537719726562,1.0,1.0,1,1,0.027670041069747464,0.027670041069747464,0.034537315368652344,0.015463113784790039,37,16,1.02767,1.02767,1,1
5000,6,VENTTUBE,MINVOLSET,1.0,0.0,0.0,0.030757427215576172,0.015309572219848633,1.0,1.0,1,1,0.06345412400853256,0.06345412400853256,0.03470730781555176,0.012640714645385742,37,17,0.93655,0.93655,1,1
5000,7,CATECHOL,VENTTUBE,2.0,0.0,0.0,0.03538680076599121,0.013263702392578125,2.0,2.0,1,1,0.04563986595795266,0.04563986595795266,0.029588699340820312,0.012749195098876953,37,15,1.95436,1.95436,1,1
5000,8,HR,ARTCO2,1.0,0.0,0.0,0.03199648857116699,0.007542610168457031,1.0,1.0,1,1,0.0038537208803485212,0.0038537208803485212,0.03725242614746094,0.006185770034790039,37,8,0.99615,0.99615,1,1
5000,9,HRBP,INTUBATION,5.0,0.0,0.0,0.03633475303649902,0.013258934020996094,5.0,5.0,1,1,0.10125185978660056,0.07535693334053839,0.028756380081176758,0.022060632705688477,37,16,4.87285|4.92464,4.92464,2,1
5000,10,CO,TPR,1.0,0.3333333333333333,0.25,0.03233599662780762,0.011311054229736328,1.0|1.5,1.0|1.5,2,2,0.31871762412230914,0.25062689648264314,0.03755617141723633,0.008036136627197266,37,8,1.00978|1.4549|1.49147,1.00978|1.49147,3,2
5000,11,HREKG,SAO2,1.0,0.0,0.0,0.03730034828186035,0.008362054824829102,1.0,1.0,1,1,0.00800631382140704,0.00800631382140704,0.028411388397216797,0.008574485778808594,37,7,1.00801,1.00801,1,1
5000,12,HREKG,ANAPHYLAXIS,1.0,0.0,0.0,0.037688255310058594,0.013270854949951172,1.0,1.0,1,1,0.007618278726881034,0.007618278726881034,0.029691219329833984,0.011762142181396484,37,9,0.99238,0.99238,1,1
5000,13,HR,INSUFFANESTH,1.0,0.0,0.0,0.029455184936523438,0.016505718231201172,1.0,1.0,1,1,0.005802312054770109,0.005802312054770109,0.025404930114746094,0.005225181579589844,37,7,1.0058,1.0058,1,1
5000,14,HRBP,ANAPHYLAXIS,1.0,0.0,0.0,0.03930854797363281,0.009312152862548828,1.0,1.0,1,1,0.0166135741936142,0.006586368402867415,0.027954816818237305,0.009999275207519531,37,9,0.97336|0.99341,0.99341,2,1
5000,15,BP,VENTMACH,2.0,1.0,1.0,0.02882552146911621,0.022177457809448242,0.0|2.0,0.0|2.0,2,2,1.0284908385104596,1.0284908385104596,0.04220771789550781,0.022382259368896484,37,17,-0.04098|2.01601,-0.04098|2.01601,2,2
5000,16,HREKG,TPR,1.0,0.0,0.0,0.03945732116699219,0.013169288635253906,1.0,1.0,1,1,0.016850728289814487,0.016850728289814487,0.029581546783447266,0.012935400009155273,37,8,0.98315,0.98315,1,1
5000,17,HREKG,SAO2,1.0,0.0,0.0,0.029030561447143555,0.007760524749755859,1.0,1.0,1,1,0.0032125997140595164,0.0032125997140595164,0.040940284729003906,0.005930185317993164,37,7,1.00321,1.00321,1,1
5000,18,ARTCO2,VENTMACH,1.0,0.0,0.0,0.03794264793395996,0.014715194702148438,1.0,1.0,1,1,0.029544066204606256,0.029544066204606256,0.03524589538574219,0.015583515167236328,37,16,1.02954,1.02954,1,1
5000,19,HRSAT,TPR,1.0,0.0,0.0,0.02951192855834961,0.012900114059448242,1.0,1.0,1,1,0.02228203716740318,0.02228203716740318,0.0395350456237793,0.014260530471801758,37,8,0.97772,0.97772,1,1
5000,20,SAO2,MINVOLSET,1.0,0.0,0.0,0.03989005088806152,0.01622772216796875,1.0,1.0,1,1,0.021379134339889028,0.021379134339889028,0.03379702568054199,0.016809940338134766,37,17,1.02138,1.02138,1,1
5000,21,BP,ANAPHYLAXIS,2.0,0.5,0.5,0.03598618507385254,0.012343168258666992,1.0|2.0,1.0|2.0,2,2,0.5239331442367586,0.5239331442367586,0.025988101959228516,0.019480466842651367,37,9,0.96722|1.98491,0.96722|1.98491,2,2
5000,22,HREKG,DISCONNECT,2.0,0.0,0.0,0.02945256233215332,0.02580094337463379,2.0,2.0,1,1,0.05535602472819612,0.05535602472819612,0.029611825942993164,0.01628398895263672,37,16,1.94464,1.94464,1,1
5000,23,CO,SHUNT,1.0,0.0,0.0,0.04394412040710449,0.010802268981933594,1.0,1.0,1,1,0.04355151710010204,0.01506792160702708,0.03528618812561035,0.0069158077239990234,37,8,1.01507|1.04682|1.06877,1.01507,3,1
5000,24,HRSAT,ANAPHYLAXIS,1.0,0.0,0.0,0.04084277153015137,0.010740995407104492,1.0,1.0,1,1,0.024060119083918807,0.024060119083918807,0.029379844665527344,0.018274307250976562,37,9,0.97594,0.97594,1,1
5000,25,BP,HR,1.0,0.5,0.5,0.039841413497924805,0.00910329818725586,0.0|1.0,0.0|1.0,2,2,0.48427893649387177,0.48427893649387177,0.026563167572021484,0.0066454410552978516,37,6,0.032|0.99944,0.032|0.99944,2,2
5000,26,HR,DISCONNECT,2.0,0.0,0.0,0.035511016845703125,0.015265703201293945,2.0,2.0,1,1,0.07515443663272414,0.07515443663272414,0.026030778884887695,0.023578643798828125,37,16,1.92485,1.92485,1,1
5000,27,BP,CATECHOL,1.0,0.5,0.5,0.03058791160583496,0.009468555450439453,0.0|1.0,0.0|1.0,2,2,0.49946714635304934,0.49946714635304934,0.035127878189086914,0.010641813278198242,37,7,0.00371|0.99736,0.00371|0.99736,2,2
5000,28,HREKG,VENTALV,2.0,0.0,0.0,0.027235746383666992,0.009374618530273438,2.0,2.0,1,1,0.031445046068299565,0.031445046068299565,0.03638577461242676,0.008455991744995117,37,11,1.96855,1.96855,1,1
5000,29,BP,STROKEVOLUME,1.0,0.5,0.5,0.03477191925048828,0.010599374771118164,0.0|1.0,0.0|1.0,2,2,0.49247073242614164,0.49247073242614164,0.04011845588684082,0.009346723556518555,37,3,0.02975|1.01469,0.02975|1.01469,2,2
5000,30,EXPCO2,MINVOLSET,2.0,0.0,0.0,0.04198765754699707,0.015332937240600586,2.0,2.0,1,1,0.029182166687965028,0.029182166687965028,0.028934478759765625,0.014582157135009766,37,17,1.97082,1.97082,1,1
5000,31,HREKG,PULMEMBOLUS,1.0,0.0,0.0,0.03705763816833496,0.007995843887329102,1.0,1.0,1,1,0.02159109510957702,0.02159109510957702,0.03063344955444336,0.006621360778808594,37,10,0.97841,0.97841,1,1
5000,32,PCWP,LVFAILURE,1.0,0.0,0.0,0.03480815887451172,0.006522417068481445,1.0,1.0,1,1,0.020477302716863655,0.020477302716863655,0.03064584732055664,0.004699230194091797,37,6,1.02048,1.02048,1,1
5000,33,HRBP,VENTTUBE,2.0,0.0,0.0,0.03026103973388672,0.013209342956542969,2.0,2.0,1,1,0.05185056484373041,0.02969772913761526,0.03598427772521973,0.012297630310058594,37,15,1.926|1.9703,1.9703,2,1
5000,34,VENTALV,VENTMACH,0.9999999999999991,0.0,0.0,0.028420686721801758,0.013886213302612305,1.0,1.0,1,1,0.005531433438729527,0.005531433438729527,0.03523826599121094,0.014641046524047852,37,16,0.99447,0.99447,1,1
5000,35,CO,VENTALV,2.0,0.0,0.0,0.033702850341796875,0.009750604629516602,2.0,2.0,1,1,0.028830454004264244,0.014014881203072038,0.02902364730834961,0.007605552673339844,37,11,1.94935|1.97817|1.98599,1.98599,3,1
5000,36,HRSAT,VENTALV,2.0,0.0,0.0,0.028845787048339844,0.011049032211303711,2.0,2.0,1,1,0.0031171450179701132,0.0031171450179701132,0.035635948181152344,0.01081538200378418,37,11,1.99688,1.99688,1,1
5000,37,CO,VENTTUBE,2.0,0.0,0.0,0.038440704345703125,0.014215707778930664,2.0,2.0,1,1,0.0108898298892622,0.008619457524158491,0.034377336502075195,0.013535737991333008,37,15,1.98043|2.00448|2.00862,2.00862,3,1
5000,38,ARTCO2,VENTMACH,1.0,0.0,0.0,0.028061389923095703,0.015591859817504883,1.0,1.0,1,1,0.014414955841824062,0.014414955841824062,0.03774547576904297,0.015841245651245117,37,16,0.98559,0.98559,1,1
5000,39,HRBP,VENTTUBE,2.0,0.0,0.0,0.02904963493347168,0.01298975944519043,2.0,2.0,1,1,0.04994591736653464,0.031221317851092056,0.03847193717956543,0.011171102523803711,37,15,2.03122|2.06867,2.03122,2,1
5000,40,CO,SAO2,1.0,0.0,0.0,0.035658836364746094,0.005387783050537109,1.0,1.0,1,1,0.02257257765370942,0.018088984774003114,0.023078441619873047,0.004835367202758789,37,7,0.96743|0.98191|0.98294,0.98191,3,1
5000,41,HRBP,MINVOLSET,2.0,0.0,0.0,0.040636301040649414,0.011826515197753906,2.0,2.0,1,1,0.05908957187508146,0.026145107906076603,0.02465963363647461,0.01957869529724121,37,17,2.02615|2.09203,2.02615,2,1
5000,42,BP,INSUFFANESTH,1.0,0.5,0.5,0.02798628807067871,0.010442256927490234,0.0|1.0,0.0|1.0,2,2,0.4939488375955543,0.4939488375955543,0.04274415969848633,0.011059999465942383,37,8,0.02651|0.98559,0.02651|0.98559,2,2
5000,43,PCWP,HYPOVOLEMIA,1.0,0.0,0.0,0.03257179260253906,0.01435995101928711,1.0,1.0,1,1,0.021864903971281602,0.021864903971281602,0.029725313186645508,0.004988193511962891,37,5,0.97814,0.97814,1,1
5000,44,BP,VENTALV,2.0,1.0,1.0,0.03455328941345215,0.025778770446777344,0.0|2.0,0.0|2.0,2,2,1.0035269171813002,1.0035269171813002,0.03042769432067871,0.012365579605102539,37,12,-0.00039|1.99334,-0.00039|1.99334,2,2
5000,45,HREKG,PVSAT,1.0,0.0,0.0,0.035422563552856445,0.006392717361450195,1.0,1.0,1,1,0.004667891610545816,0.004667891610545816,0.028330564498901367,0.006026029586791992,37,8,0.99533,0.99533,1,1
5000,46,BP,MINVOLSET,2.0,1.0,1.0,0.04289412498474121,0.020848512649536133,0.0|2.0,0.0|2.0,2,2,1.0669651987830173,1.0669651987830173,0.030185461044311523,0.02778339385986328,37,18,-0.12204|2.01189,-0.12204|2.01189,2,2
5000,47,SAO2,KINKEDTUBE,1.0,0.0,0.0,0.04607248306274414,0.014852762222290039,1.0,1.0,1,1,0.02836522058956603,0.02836522058956603,0.04305863380432129,0.017826557159423828,37,15,0.97163,0.97163,1,1
5000,48,PVSAT,INTUBATION,2.0000000000000027,0.0,0.0,0.041882991790771484,0.0176694393157959,2.0,2.0,1,1,0.04486373036582547,0.04486373036582547,0.05117511749267578,0.012615442276000977,37,16,2.04486,2.04486,1,1
5000,49,HR,SHUNT,1.0,0.0,0.0,0.03634190559387207,0.007596492767333984,1.0,1.0,1,1,0.01262203835171305,0.01262203835171305,0.03308892250061035,0.0072367191314697266,37,8,1.01262,1.01262,1,1
7500,0,PVSAT,VENTMACH,0.9999999999999996,0.0,0.0,0.03955388069152832,0.016594648361206055,1.0,1.0,1,1,0.012853049806924144,0.012853049806924144,0.026164531707763672,0.01574993133544922,37,16,0.98715,0.98715,1,1
7500,1,HREKG,VENTMACH,2.0,0.0,0.0,0.026848793029785156,0.026469707489013672,2.0,2.0,1,1,0.0024906554765173894,0.0024906554765173894,0.02689361572265625,0.014242172241210938,37,16,1.99751,1.99751,1,1
7500,2,HRBP,VENTTUBE,2.0,0.0,0.0,0.037810325622558594,0.015027523040771484,2.0,2.0,1,1,0.006133672068017737,0.005410189509039043,0.027468204498291016,0.016704559326171875,37,15,1.99314|2.00541,2.00541,2,1
7500,3,PCWP,LVFAILURE,1.0,0.0,0.0,0.040308475494384766,0.0059626102447509766,1.0,1.0,1,1,0.01005607715029977,0.01005607715029977,0.029875516891479492,0.005197286605834961,37,6,1.01006,1.01006,1,1
7500,4,CO,VENTMACH,2.0,0.0,0.0,0.03158068656921387,0.015348434448242188,2.0,2.0,1,1,0.0049578698006197035,0.0016776543503020935,0.039867401123046875,0.016451597213745117,37,16,1.99832|2.00277|2.01043,1.99832,3,1
7500,5,CO,VENTALV,2.0,0.0,0.0,0.03599381446838379,0.01101994514465332,2.0,2.0,1,1,0.009008063366600686,0.005670640720012443,0.03348255157470703,0.012581348419189453,37,11,1.98027|1.99433|1.99837,1.99433,3,1
7500,6,BP,INTUBATION,5.0,2.5,2.5,0.02870345115661621,0.01726698875427246,0.0|5.0,0.0|5.0,2,2,2.573007131796044,2.573007131796044,0.036812782287597656,0.020976781845092773,37,17,-0.0639|4.91788,-0.0639|4.91788,2,2
7500,7,BP,PVSAT,1.0,0.5,0.5,0.04090404510498047,0.010907173156738281,0.0|1.0,0.0|1.0,2,2,0.5043317392069994,0.5043317392069994,0.02973794937133789,0.010938882827758789,37,9,-0.00552|0.99686,-0.00552|0.99686,2,2
7500,8,CO,FIO2,1.0,0.0,0.0,0.03414583206176758,0.008015871047973633,1.0,1.0,1,1,0.008280526823122488,0.00204431356560697,0.03177380561828613,0.007751941680908203,37,9,0.98702|0.99018|0.99796,0.99796,3,1
7500,9,BP,KINKEDTUBE,2.0,1.0,1.0,0.03893136978149414,0.020087718963623047,0.0|2.0,0.0|2.0,2,2,1.0574907842466164,1.0574907842466164,0.02589583396911621,0.015084266662597656,37,16,-0.07421|2.04077,-0.07421|2.04077,2,2
7500,10,HRSAT,PULMEMBOLUS,1.0,0.0,0.0,0.02687525749206543,0.006738185882568359,1.0,1.0,1,1,0.0024212641123226852,0.0024212641123226852,0.032259225845336914,0.007310152053833008,37,10,0.99758,0.99758,1,1
7500,11,HRBP,VENTMACH,2.0,0.0,0.0,0.040863037109375,0.014245748519897461,2.0,2.0,1,1,0.004108922518596625,0.0048151672474672225,0.03446459770202637,0.022214889526367188,37,16,1.99518|2.0034,1.99518,2,1
7500,12,HRBP,SAO2,1.0,0.0,0.0,0.02792525291442871,0.0076904296875,1.0,1.0,1,1,0.04596952721636982,0.024983862051665584,0.03381609916687012,0.0052678585052490234,37,7,1.02498|1.06696,1.02498,2,1
7500,13,ARTCO2,MINVOLSET,1.0,0.0,0.0,0.03867983818054199,0.015002250671386719,1.0,1.0,1,1,0.04525636748864581,0.04525636748864581,0.029399633407592773,0.016083955764770508,37,17,0.95474,0.95474,1,1
7500,14,ARTCO2,MINVOLSET,1.0,0.0,0.0,0.027344465255737305,0.013660669326782227,1.0,1.0,1,1,0.031244576881783503,0.031244576881783503,0.03619647026062012,0.012967824935913086,37,17,0.96876,0.96876,1,1
7500,15,CATECHOL,DISCONNECT,2.0,0.0,0.0,0.037500858306884766,0.01369476318359375,2.0,2.0,1,1,0.0018008481129543341,0.0018008481129543341,0.028035879135131836,0.024483919143676758,37,16,1.9982,1.9982,1,1
7500,16,HREKG,DISCONNECT,2.0,0.0,0.0,0.02728438377380371,0.013623714447021484,2.0,2.0,1,1,0.001013889473604923,0.001013889473604923,0.03632998466491699,0.01302337646484375,37,16,1.99899,1.99899,1,1
7500,17,HR,SAO2,1.0,0.0,0.0,0.03509807586669922,0.0062596797943115234,1.0,1.0,1,1,0.01839216558611434,0.01839216558611434,0.02832198143005371,0.005102634429931641,37,7,0.98161,0.98161,1,1
7500,18,SAO2,MINVOLSET,1.0,0.0,0.0,0.04294919967651367,0.015784025192260742,1.0,1.0,1,1,0.01461681528983072,0.01461681528983072,0.026656389236450195,0.014996051788330078,37,17,1.01462,1.01462,1,1
7500,19,HREKG,VENTALV,2.0,0.0,0.0,0.03035736083984375,0.009338140487670898,2.0,2.0,1,1,0.01337779504685388,0.01337779504685388,0.04302048683166504,0.009258031845092773,37,11,2.01338,2.01338,1,1
7500,20,VENTALV,VENTTUBE,0.9999999999999991,0.0,0.0,0.037901878356933594,0.013263463973999023,1.0,1.0,1,1,0.010221509711279886,0.010221509711279886,0.02966761589050293,0.022387266159057617,37,15,1.01022,1.01022,1,1
7500,21,CATECHOL,FIO2,1.0,0.0,0.0,0.02852034568786621,0.01052236557006836,1.0,1.0,1,1,0.010335593728413195,0.010335593728413195,0.04250693321228027,0.007901191711425781,37,9,0.98966,0.98966,1,1
7500,22,HRSAT,TPR,1.0,0.0,0.0,0.04055047035217285,0.011234521865844727,1.0,1.0,1,1,0.011569438897535811,0.011569438897535811,0.027187108993530273,0.009588956832885742,37,8,1.01157,1.01157,1,1
7500,23,HR,PULMEMBOLUS,1.0,0.0,0.0,0.04007697105407715,0.008632183074951172,1.0,1.0,1,1,0.06807531311867321,0.06807531311867321,0.03017258644104004,0.00865030288696289,37,10,0.93192,0.93192,1,1
7500,24,BP,ANAPHYLAXIS,2.0,0.5,0.5,0.034357309341430664,0.010632514953613281,1.0|2.0,1.0|2.0,2,2,0.5247496429207038,0.5247496429207038,0.02881002426147461,0.009055376052856445,37,9,0.9655|1.985,0.9655|1.985,2,2
7500,25,CATECHOL,DISCONNECT,2.0,0.0,0.0,0.032755374908447266,0.014549493789672852,2.0,2.0,1,1,0.012691063077933329,0.012691063077933329,0.0405731201171875,0.017433881759643555,37,16,2.01269,2.01269,1,1
7500,26,CO,VENTMACH,2.0,0.0,0.0,0.03457474708557129,0.015494823455810547,2.0,2.0,1,1,0.019404141164819737,0.005501125645398286,0.027583837509155273,0.012943506240844727,37,16,2.0055|2.01653|2.03618,2.0055,3,1
7500,27,ARTCO2,MINVOLSET,1.0,0.0,0.0,0.043509483337402344,0.018708229064941406,1.0,1.0,1,1,0.037578483131062934,0.037578483131062934,0.029831647872924805,0.022702693939208984,37,17,0.96242,0.96242,1,1
7500,28,HREKG,VENTTUBE,2.0,0.0,0.0,0.04203605651855469,0.01465296745300293,2.0,2.0,1,1,0.025386871086562124,0.025386871086562124,0.029048442840576172,0.014763593673706055,37,15,2.02539,2.02539,1,1
7500,29,HRBP,PULMEMBOLUS,1.0,0.0,0.0,0.03241586685180664,0.008020401000976562,1.0,1.0,1,1,0.014231775186004714,0.004380876190294369,0.03596973419189453,0.0067598819732666016,37,10,1.00438|1.02408,1.00438,2,1
7500,30,PRESS,MINVOLSET,1.0,0.0,0.0,0.02771902084350586,0.01694488525390625,1.0,1.0,1,1,0.010714556851427526,0.010714556851427526,0.043622493743896484,0.015351057052612305,37,17,0.98929,0.98929,1,1
7500,31,HR,PVSAT,1.0,0.0,0.0,0.02847576141357422,0.007589101791381836,1.0,1.0,1,1,0.019161584709149082,0.019161584709149082,0.04383087158203125,0.007318735122680664,37,8,1.01916,1.01916,1,1
7500,32,SAO2,VENTTUBE,1.0,0.0,0.0,0.04995226860046387,0.020206928253173828,1.0,1.0,1,1,0.022342476443101278,0.022342476443101278,0.029099702835083008,0.013499736785888672,37,15,1.02234,1.02234,1,1
7500,33,HRSAT,INSUFFANESTH,1.0,0.0,0.0,0.13519883155822754,0.006985187530517578,1.0,1.0,1,1,0.015904131939063038,0.015904131939063038,0.027075529098510742,0.006566524505615234,37,7,0.9841,0.9841,1,1
7500,34,CATECHOL,FIO2,1.0,0.0,0.0,0.0293734073638916,0.02068614959716797,1.0,1.0,1,1,0.010186673442964977,0.010186673442964977,0.029842138290405273,0.009928703308105469,37,9,1.01019,1.01019,1,1
7500,35,BP,SHUNT,1.0,0.5,0.5,0.028090476989746094,0.01049351692199707,0.0|1.0,0.0|1.0,2,2,0.49317975363861466,0.49317975363861466,0.038392066955566406,0.01087188720703125,37,9,0.03531|1.02167,0.03531|1.02167,2,2
7500,36,CO,FIO2,1.0,0.0,0.0,0.030263900756835938,0.008305549621582031,1.0,1.0,1,1,0.004644859515727055,0.0005274306551549257,0.023082971572875977,0.0056324005126953125,37,9,0.98868|0.99791|0.99947,0.99947,3,1
7500,37,HREKG,MINVOLSET,2.0,0.0,0.0,0.03452324867248535,0.023008108139038086,2.0,2.0,1,1,0.016783044658380764,0.016783044658380764,0.032919883728027344,0.014191865921020508,37,17,1.98322,1.98322,1,1
7500,38,CO,TPR,1.0,0.3333333333333333,0.25,0.034455060958862305,0.01094508171081543,1.0|1.5,1.0|1.5,2,2,0.3345409198247664,0.25017705676868585,0.03778958320617676,0.011664152145385742,37,8,1.00409|1.49627|1.50327,1.00409|1.49627,3,2
7500,39,PRESS,MINVOLSET,1.0,0.0,0.0,0.03323960304260254,0.026801109313964844,1.0,1.0,1,1,0.004402763813853072,0.004402763813853072,0.027993202209472656,0.014110803604125977,37,17,1.0044,1.0044,1,1
7500,40,HRBP,INTUBATION,5.0,0.0,0.0,0.030105113983154297,0.011705398559570312,5.0,5.0,1,1,0.14156117588486117,0.08224067846730687,0.036394357681274414,0.011867523193359375,37,16,4.79912|4.91776,4.91776,2,1
7500,41,HRBP,VENTALV,2.0,0.0,0.0,0.02989983558654785,0.008255958557128906,2.0,2.0,1,1,0.035624776726549845,0.015857744301220666,0.03335738182067871,0.00872349739074707,37,11,2.01586|2.05539,2.01586,2,1
7500,42,MINVOL,MINVOLSET,1.0,0.0,0.0,0.02553582191467285,0.014701366424560547,1.0,1.0,1,1,0.01411765908095819,0.01411765908095819,0.0357213020324707,0.012844324111938477,37,17,1.01412,1.01412,1,1
7500,43,BP,MINVOLSET,2.0,1.0,1.0,0.037600040435791016,0.018491029739379883,0.0|2.0,0.0|2.0,2,2,1.0418477310596583,1.0418477310596583,0.0294644832611084,0.017496824264526367,37,18,-0.06913|1.98543,-0.06913|1.98543,2,2
7500,44,HRBP,SHUNT,1.0,0.0,0.0,0.03848743438720703,0.008248090744018555,1.0,1.0,1,1,0.009365560367542547,0.0112919933011435,0.0323030948638916,0.0070035457611083984,37,8,1.00744|1.01129,1.01129,2,1
7500,45,PVSAT,VENTMACH,0.9999999999999996,0.0,0.0,0.030077457427978516,0.018779993057250977,1.0,1.0,1,1,0.024891381049967798,0.024891381049967798,0.04393744468688965,0.014617919921875,37,16,1.02489,1.02489,1,1
7500,46,HR,FIO2,1.0,0.0,0.0,0.036113739013671875,0.007905721664428711,1.0,1.0,1,1,0.01503338102262286,0.01503338102262286,0.029467105865478516,0.007347583770751953,37,9,1.01503,1.01503,1,1
7500,47,CO,SHUNT,1.0,0.0,0.0,0.03341197967529297,0.00732874870300293,1.0,1.0,1,1,0.004099624424802088,0.004683425084337944,0.030862092971801758,0.00549626350402832,37,8,0.99517|0.99722|1.00468,1.00468,3,1
7500,48,HREKG,TPR,1.0,0.0,0.0,0.02968120574951172,0.01151895523071289,1.0,1.0,1,1,0.00015959221106420785,0.00015959221106420785,0.04218769073486328,0.01227116584777832,37,8,1.00016,1.00016,1,1
7500,49,HR,KINKEDTUBE,2.0,0.0,0.0,0.02858710289001465,0.023961782455444336,2.0,2.0,1,1,0.03035289773693961,0.03035289773693961,0.026970624923706055,0.012029409408569336,37,15,2.03035,2.03035,1,1
10000,0,ARTCO2,VENTLUNG,1.0,0.0,0.0,0.028463125228881836,0.011164665222167969,1.0,1.0,1,1,0.03420992029605152,0.03420992029605152,0.03777480125427246,0.010991811752319336,37,13,1.03421,1.03421,1,1
10000,1,CATECHOL,INTUBATION,5.0,0.0,0.0,0.02837848663330078,0.013054132461547852,5.0,5.0,1,1,0.06259657726337231,0.06259657726337231,0.040486812591552734,0.012238740921020508,37,16,4.9374,4.9374,1,1
10000,2,ARTCO2,VENTLUNG,1.0,0.0,0.0,0.026723146438598633,0.011301279067993164,1.0,1.0,1,1,0.012749148689630063,0.012749148689630063,0.04081130027770996,0.00947427749633789,37,13,0.98725,0.98725,1,1
10000,3,ARTCO2,VENTTUBE,1.0,0.0,0.0,0.026457548141479492,0.012641191482543945,1.0,1.0,1,1,0.02517395322124749,0.02517395322124749,0.037061452865600586,0.01138925552368164,37,15,0.97483,0.97483,1,1
10000,4,CO,PULMEMBOLUS,1.0,0.0,0.0,0.02767205238342285,0.011126041412353516,1.0,1.0,1,1,0.01324095438610795,0.004780698167072606,0.041604042053222656,0.0070743560791015625,37,10,0.97481|0.99025|0.99522,0.99522,3,1
10000,5,HRSAT,ANAPHYLAXIS,1.0,0.0,0.0,0.02993607521057129,0.01871490478515625,1.0,1.0,1,1,0.019293554590522843,0.019293554590522843,0.027592897415161133,0.00898599624633789,37,9,1.01929,1.01929,1,1
10000,6,EXPCO2,VENTTUBE,2.0,0.0,0.0,0.041550397872924805,0.014430522918701172,2.0,2.0,1,1,0.016181109561753892,0.016181109561753892,0.029693126678466797,0.012581110000610352,37,15,1.98382,1.98382,1,1
10000,7,HRBP,TPR,1.0,0.0,0.0,0.030154943466186523,0.011359930038452148,1.0,1.0,1,1,0.006448688704943861,0.011958829000799254,0.03911948204040527,0.011983871459960938,37,8,1.00094|1.01196,1.01196,2,1
10000,8,HRSAT,INTUBATION,5.0,0.0,0.0,0.03025221824645996,0.012495756149291992,5.0,5.0,1,1,0.06722289265112913,0.06722289265112913,0.03928661346435547,0.01162266731262207,37,16,5.06722,5.06722,1,1
10000,9,BP,VENTALV,2.0,1.0,1.0,0.04053997993469238,0.01343536376953125,0.0|2.0,0.0|2.0,2,2,1.0196543649909016,1.0196543649909016,0.02855539321899414,0.026973962783813477,37,12,-0.01115|1.97184,-0.01115|1.97184,2,2
10000,10,HREKG,ANAPHYLAXIS,1.0,0.0,0.0,0.03270840644836426,0.010296344757080078,1.0,1.0,1,1,0.0070834144011613365,0.0070834144011613365,0.022461652755737305,0.01719069480895996,37,9,1.00708,1.00708,1,1
10000,11,PVSAT,DISCONNECT,0.9999999999999996,0.0,0.0,0.03721928596496582,0.014385461807250977,1.0,1.0,1,1,0.006555280988021384,0.006555280988021384,0.03505682945251465,0.013637065887451172,37,16,1.00656,1.00656,1,1
10000,12,HREKG,MINVOLSET,2.0,0.0,0.0,0.029349803924560547,0.015915632247924805,2.0,2.0,1,1,0.015277908662657769,0.015277908662657769,0.038663387298583984,0.014721870422363281,37,17,2.01528,2.01528,1,1
10000,13,VENTLUNG,VENTMACH,0.9999999999999929,0.0,0.0,0.027118444442749023,0.015501976013183594,1.0,1.0,1,1,0.0012865062936682214,0.0012865062936682214,0.0369417667388916,0.014304161071777344,37,16,1.00129,1.00129,1,1
10000,14,HREKG,SAO2,1.0,0.0,0.0,0.024476051330566406,0.006698131561279297,1.0,1.0,1,1,0.0006018404563548074,0.0006018404563548074,0.03954124450683594,0.0067596435546875,37,7,0.9994,0.9994,1,1
10000,15,HRSAT,FIO2,1.0,0.0,0.0,0.03709292411804199,0.008765935897827148,1.0,1.0,1,1,0.0028262771103731987,0.0028262771103731987,0.02693772315979004,0.009157657623291016,37,9,0.99717,0.99717,1,1
10000,16,HRBP,FIO2,1.0,0.0,0.0,0.03277921676635742,0.010512351989746094,1.0,1.0,1,1,0.004375678878213662,0.0001503140933423186,0.03962540626525879,0.00879669189453125,37,9,0.9914|1.00015,1.00015,2,1
10000,17,SAO2,DISCONNECT,1.0,0.0,0.0,0.02850937843322754,0.014547109603881836,1.0,1.0,1,1,0.01652841964595675,0.01652841964595675,0.04468679428100586,0.013149261474609375,37,16,1.01653,1.01653,1,1
10000,18,CATECHOL,VENTTUBE,2.0,0.0,0.0,0.029552221298217773,0.016847848892211914,2.0,2.0,1,1,0.005122068881933339,0.005122068881933339,0.03843426704406738,0.014634370803833008,37,15,1.99488,1.99488,1,1
10000,19,BP,MINVOLSET,2.0,1.0,1.0,0.03974270820617676,0.02025151252746582,0.0|2.0,0.0|2.0,2,2,1.0189736989522251,1.0189736989522251,0.028728961944580078,0.025185346603393555,37,18,-0.01683|2.02111,-0.01683|2.02111,2,2
10000,20,HRSAT,TPR,1.0,0.0,0.0,0.026914119720458984,0.009470701217651367,1.0,1.0,1,1,0.0028167427591963,0.0028167427591963,0.03699016571044922,0.010215044021606445,37,8,0.99718,0.99718,1,1
10000,21,CATECHOL,ANAPHYLAXIS,0.9999999999999998,0.0,0.0,0.031194210052490234,0.019106149673461914,1.0,1.0,1,1,0.020309739688694872,0.020309739688694872,0.02631402015686035,0.010488510131835938,37,9,0.97969,0.97969,1,1
10000,22,EXPCO2,VENTTUBE,2.0,0.0,0.0,0.036334991455078125,0.016277313232421875,2.0,2.0,1,1,0.016695795327324348,0.016695795327324348,0.03000664710998535,0.014158964157104492,37,15,1.9833,1.9833,1,1
10000,23,HREKG,VENTLUNG,2.0,0.0,0.0,0.02812814712524414,0.01313471794128418,2.0,2.0,1,1,0.0004768815876707855,0.0004768815876707855,0.047460079193115234,0.010224580764770508,37,13,2.00048,2.00048,1,1
10000,24,VENTALV,KINKEDTUBE,0.9999999999999991,0.0,0.0,0.032655954360961914,0.012172937393188477,1.0,1.0,1,1,0.002242720983343993,0.002242720983343993,0.02770256996154785,0.021458864212036133,37,15,0.99776,0.99776,1,1
10000,25,HRSAT,PVSAT,1.0,0.0,0.0,0.0428466796875,0.00796961784362793,1.0,1.0,1,1,0.007095993432909786,0.007095993432909786,0.028011322021484375,0.006012439727783203,37,8,1.0071,1.0071,1,1
10000,26,HRSAT,SHUNT,1.0,0.0,0.0,0.030874967575073242,0.007775306701660156,1.0,1.0,1,1,0.0004996898603759625,0.0004996898603759625,0.03980445861816406,0.009083271026611328,37,8,0.9995,0.9995,1,1
10000,27,SAO2,VENTLUNG,1.0,0.0,0.0,0.027898311614990234,0.012042522430419922,1.0,1.0,1,1,0.004317733376277166,0.004317733376277166,0.038008928298950195,0.00935220718383789,37,13,1.00432,1.00432,1,1
10000,28,HRSAT,ANAPHYLAXIS,1.0,0.0,0.0,0.0430750846862793,0.012570381164550781,1.0,1.0,1,1,0.031164832366781914,0.031164832366781914,0.03439593315124512,0.011266708374023438,37,9,1.03116,1.03116,1,1
10000,29,BP,VENTALV,2.0,1.0,1.0,0.03871655464172363,0.016936779022216797,0.0|2.0,0.0|2.0,2,2,1.022304262142751,1.022304262142751,0.03124690055847168,0.02310633659362793,37,12,-0.02793|2.01668,-0.02793|2.01668,2,2
10000,30,SAO2,VENTMACH,1.0,0.0,0.0,0.04071927070617676,0.015458345413208008,1.0,1.0,1,1,0.0065021531044138214,0.0065021531044138214,0.027309417724609375,0.019836902618408203,37,16,0.9935,0.9935,1,1
10000,31,HRSAT,SAO2,1.0,0.0,0.0,0.026384592056274414,0.008778572082519531,1.0,1.0,1,1,0.004899489199686191,0.004899489199686191,0.03906655311584473,0.005007743835449219,37,7,0.9951,0.9951,1,1
10000,32,CATECHOL,KINKEDTUBE,2.0,0.0,0.0,0.033626556396484375,0.010975360870361328,2.0,2.0,1,1,0.008824732638642363,0.008824732638642363,0.034677982330322266,0.01233816146850586,37,15,1.99118,1.99118,1,1
10000,33,CO,LVFAILURE,1.0,0.3333333333333333,0.5,0.029523849487304688,0.007830619812011719,0.0|1.0,0.0|1.0,2,2,0.32564808198941037,0.48564651764807976,0.027779579162597656,0.00578618049621582,37,7,0.03291|1.0042|1.00565,0.03291|1.0042,3,2
10000,34,CATECHOL,KINKEDTUBE,2.0,0.0,0.0,0.032100677490234375,0.012068986892700195,2.0,2.0,1,1,0.04202163003841086,0.04202163003841086,0.04188108444213867,0.015333890914916992,37,15,2.04202,2.04202,1,1
10000,35,EXPCO2,VENTTUBE,2.0,0.0,0.0,0.03504157066345215,0.013535499572753906,2.0,2.0,1,1,0.03711417819843832,0.03711417819843832,0.02732110023498535,0.01300048828125,37,15,1.96289,1.96289,1,1
10000,36,HREKG,VENTALV,2.0,0.0,0.0,0.033573150634765625,0.010352373123168945,2.0,2.0,1,1,0.015307724365011266,0.015307724365011266,0.03810381889343262,0.013726472854614258,37,11,1.98469,1.98469,1,1
10000,37,HRSAT,CATECHOL,1.0,0.0,0.0,0.037099361419677734,0.008816719055175781,1.0,1.0,1,1,0.008984581748030296,0.008984581748030296,0.029955148696899414,0.006069660186767578,37,6,1.00898,1.00898,1,1
10000,38,BP,PVSAT,1.0,0.5,0.5,0.028264760971069336,0.01129770278930664,0.0|1.0,0.0|1.0,2,2,0.5040303692878987,0.5040303692878987,0.03741049766540527,0.010069847106933594,37,9,0.00306|0.98888,0.00306|0.98888,2,2
10000,39,CO,ANAPHYLAXIS,1.0,0.3333333333333333,0.25,0.029859304428100586,0.015096426010131836,1.0|1.5,1.0|1.5,2,2,0.325782705304605,0.2528780641208047,0.035886526107788086,0.013225317001342773,37,9,0.99301|1.47159|1.49877,0.99301|1.49877,3,2
10000,40,CO,LVFAILURE,1.0,0.3333333333333333,0.5,0.03010106086730957,0.012479782104492188,0.0|1.0,0.0|1.0,2,2,0.3403789214524562,0.4985847316463893,0.03954005241394043,0.009952068328857422,37,7,0.00877|1.00594|1.02397,0.00877|1.00594,3,2
10000,41,CATECHOL,ANAPHYLAXIS,0.9999999999999998,0.0,0.0,0.03337669372558594,0.01027989387512207,1.0,1.0,1,1,3.562624160036165e-05,3.562624160036165e-05,0.03004932403564453,0.009218692779541016,37,9,1.00004,1.00004,1,1
10000,42,BP,VENTTUBE,2.0,1.0,1.0,0.03593134880065918,0.020412683486938477,0.0|2.0,0.0|2.0,2,2,0.9985967227891203,0.9985967227891203,0.03112649917602539,0.0182039737701416,37,16,0.00418|1.99863,0.00418|1.99863,2,2
10000,43,HRSAT,INSUFFANESTH,1.0,0.0,0.0,0.026026248931884766,0.006933689117431641,1.0,1.0,1,1,0.012007163402571353,0.012007163402571353,0.03952789306640625,0.007968664169311523,37,7,0.98799,0.98799,1,1
10000,44,HREKG,PULMEMBOLUS,1.0,0.0,0.0,0.029032468795776367,0.008377313613891602,1.0,1.0,1,1,0.01649765063235542,0.01649765063235542,0.03982710838317871,0.008038997650146484,37,10,0.9835,0.9835,1,1
10000,45,PVSAT,MINVOLSET,0.9999999999999996,0.0,0.0,0.04105544090270996,0.01714015007019043,1.0,1.0,1,1,0.006496753681902945,0.006496753681902945,0.03069281578063965,0.01577305793762207,37,17,1.0065,1.0065,1,1
10000,46,VENTLUNG,VENTMACH,0.9999999999999929,0.0,0.0,0.0313875675201416,0.023018360137939453,1.0,1.0,1,1,0.014277773845616681,0.014277773845616681,0.03167319297790527,0.015407085418701172,37,16,0.98572,0.98572,1,1
10000,47,HRBP,VENTLUNG,2.0,0.0,0.0,0.038863420486450195,0.01115870475769043,2.0,2.0,1,1,0.016576521326236326,0.017311428755238722,0.046128273010253906,0.01220393180847168,37,13,2.01584|2.01731,2.01731,2,1
10000,48,SAO2,VENTMACH,1.0,0.0,0.0,0.04159259796142578,0.017235517501831055,1.0,1.0,1,1,0.0040940809062179895,0.0040940809062179895,0.03520703315734863,0.015124320983886719,37,16,1.00409,1.00409,1,1
10000,49,MINVOL,MINVOLSET,1.0,0.0,0.0,0.035463809967041016,0.013154029846191406,1.0,1.0,1,1,0.0025135255795574185,0.0025135255795574185,0.028421878814697266,0.012939691543579102,37,17,0.99749,0.99749,1,1
