Sample_Size,Exp_ID,T,Y,Time_Full,Time_Local,Vars_Full,Vars_Local,Eff_Full_Set,Eff_Local_Set,Set_Size_Full,Set_Size_Local,Recall_Uniq
500,0,MvmtFeatures,AMCINInScen,0.07823395729064941,0.004257917404174805,56,2,0.0,0.0,1,1,1.0
500,1,AreaMeso_ALS,AMDewptCalPl,0.09178495407104492,0.025761842727661133,56,18,0.0,0.0,1,1,1.0
500,2,CompPlFcst,TempDis,0.07949972152709961,0.013177633285522461,56,7,0.0,0.0,1,1,1.0
500,3,CapChange,OutflowFrMt,0.10048389434814453,0.019343137741088867,56,8,1.0|1.6,1.0|1.6,2,2,1.0
500,4,CapChange,TempDis,0.07802510261535645,0.003761768341064453,56,2,0.0,0.0,1,1,1.0
500,5,MeanRH,WindFieldMt,0.07065820693969727,0.0037322044372558594,56,2,0.0,0.0,1,1,1.0
500,6,RHRatio,AreaMeso_ALS,0.06989765167236328,0.034436702728271484,56,17,0.0,0.0,1,1,1.0
500,7,InsSclInScen,AreaMoDryAir,0.06922435760498047,0.02799677848815918,56,15,2.5|3.0|5.5,2.5|3.0|5.5,3,3,1.0
500,8,SubjVertMo,WindFieldPln,0.06932711601257324,0.03035116195678711,56,19,0.0,0.0,1,1,1.0
500,9,OutflowFrMt,AMDewptCalPl,0.14202213287353516,0.015063047409057617,56,10,0.0,0.0,1,1,1.0
500,10,Date,CapInScen,0.06659555435180664,0.017979860305786133,56,24,0.0,0.0,1,1,1.0
500,11,WndHodograph,CombMoisture,0.061426639556884766,0.023381471633911133,56,17,0.0,0.0,1,1,1.0
500,12,ScenRelAMIns,CapInScen,0.06588864326477051,0.007710695266723633,56,5,0.0|0.5,0.0|0.5,2,2,1.0
500,13,InsChange,WindFieldMt,0.0657510757446289,0.003454446792602539,56,2,0.0,0.0,1,1,1.0
500,14,ScenRelAMCIN,TempDis,0.059790849685668945,0.003817319869995117,56,2,0.0,0.0,1,1,1.0
500,15,MorningCIN,WindFieldMt,0.06255459785461426,0.003464221954345703,56,2,0.0,0.0,1,1,1.0
500,16,Dewpoints,CompPlFcst,0.06735444068908691,0.010149955749511719,56,7,0.0,0.0,1,1,1.0
500,17,PlainsFcst,LoLevMoistAd,0.05740714073181152,0.006890296936035156,56,4,0.0|1.0,0.0|1.0,2,2,1.0
500,18,ScenRel3_4,CldShadeOth,0.06130528450012207,0.01784825325012207,56,15,0.0|4.33333,0.0|4.33333,2,2,1.0
500,19,RaoContMoist,CapChange,0.06110525131225586,0.03197836875915527,56,17,0.0,0.0,1,1,1.0
500,20,Dewpoints,InsInMt,0.060852766036987305,0.021914005279541016,56,14,0.0,0.0,1,1,1.0
500,21,LowLLapse,PlainsFcst,0.06351351737976074,0.003473043441772461,56,2,0.0,0.0,1,1,1.0
500,22,AMCINInScen,SynForcng,0.06846380233764648,0.003814697265625,56,2,0.0,0.0,1,1,1.0
500,23,ScenRelAMCIN,CldShadeConv,0.06438231468200684,0.01041102409362793,56,9,0.0|1.16667,0.0|1.16667,2,2,1.0
500,24,MorningCIN,LatestCIN,0.06022906303405762,0.008326292037963867,56,6,0.0|0.5,0.0|0.5,2,2,1.0
500,25,WindFieldPln,AMCINInScen,0.06255006790161133,0.006268501281738281,56,2,0.0,0.0,1,1,1.0
500,26,N0_7muVerMo,PlainsFcst,0.06745243072509766,0.028483152389526367,56,18,0.0,0.0,1,1,1.0
500,27,WindAloft,MorningBound,0.05586528778076172,0.011275768280029297,56,9,0.0,0.0,1,1,1.0
500,28,CombMoisture,ScenRelAMCIN,0.06111764907836914,0.026486873626708984,56,18,0.0,0.0,1,1,1.0
500,29,OutflowFrMt,MorningCIN,0.0688486099243164,0.012270212173461914,56,10,0.0,0.0,1,1,1.0
500,30,MidLLapse,CurPropConv,0.05585312843322754,0.003501415252685547,56,2,0.0,0.0,1,1,1.0
500,31,WindFieldPln,AMDewptCalPl,0.06029200553894043,0.0036039352416992188,56,2,0.0,0.0,1,1,1.0
500,32,SubjVertMo,WindFieldPln,0.05676388740539551,0.030729293823242188,56,19,0.0,0.0,1,1,1.0
500,33,Boundaries,InsInMt,0.06148791313171387,0.01858377456665039,56,13,1.0,1.0,1,1,1.0
500,34,CapChange,WindFieldMt,0.06363844871520996,0.00404047966003418,56,2,0.0,0.0,1,1,1.0
500,35,WindAloft,MorningBound,0.057566165924072266,0.01152658462524414,56,9,0.0,0.0,1,1,1.0
500,36,InsSclInScen,CapChange,0.06489896774291992,0.009545087814331055,56,4,0.0|0.75,0.0|0.75,2,2,1.0
500,37,QGVertMotion,WindAloft,0.05974292755126953,0.03862786293029785,56,19,0.0,0.0,1,1,1.0
500,38,LIfr12ZDENSd,Scenario,0.0562899112701416,0.014673709869384766,56,24,0.0|2.16667,0.0|2.16667,2,2,1.0
500,39,AreaMoDryAir,WndHodograph,0.06904220581054688,0.02372908592224121,56,16,0.0,0.0,1,1,1.0
500,40,CapChange,SynForcng,0.07217812538146973,0.0044422149658203125,56,2,0.0,0.0,1,1,1.0
500,41,AMInsWliScen,RHRatio,0.08874845504760742,0.004791736602783203,56,2,0.0,0.0,1,1,1.0
500,42,CldShadeOth,VISCloudCov,0.09588408470153809,0.024210214614868164,56,16,1.0,1.0,1,1,1.0
500,43,OutflowFrMt,QGVertMotion,0.061569929122924805,0.027991533279418945,56,18,2.0,2.0,1,1,1.0
500,44,TempDis,AMDewptCalPl,0.06751823425292969,0.003618478775024414,56,2,0.0,0.0,1,1,1.0
500,45,ScenRelAMCIN,MeanRH,0.05852699279785156,0.003874063491821289,56,2,0.0,0.0,1,1,1.0
500,46,MorningCIN,CompPlFcst,0.061354637145996094,0.009006977081298828,56,8,0.0|1.16667,0.0|1.16667,2,2,1.0
500,47,MountainFcst,CurPropConv,0.0621793270111084,0.007709980010986328,56,5,0.0|0.5,0.0|0.5,2,2,1.0
500,48,CldShadeOth,SubjVertMo,0.06635808944702148,0.02707958221435547,56,18,2.0,2.0,1,1,1.0
500,49,InsInMt,SatContMoist,0.06406545639038086,0.026014328002929688,56,17,1.0,1.0,1,1,1.0
1000,0,AMDewptCalPl,AMCINInScen,0.06676149368286133,0.008066415786743164,56,6,0.0|0.5,0.0|0.5,2,2,1.0
1000,1,AreaMeso_ALS,MountainFcst,0.061691999435424805,0.027749300003051758,56,16,0.0,0.0,1,1,1.0
1000,2,TempDis,WindFieldPln,0.06638622283935547,0.003885507583618164,56,2,0.0,0.0,1,1,1.0
1000,3,LoLevMoistAd,LatestCIN,0.06374001502990723,0.007551670074462891,56,6,0.0|0.5,0.0|0.5,2,2,1.0
1000,4,ScenRelAMCIN,InsChange,0.06522178649902344,0.009842157363891602,56,6,0.0|0.5,0.0|0.5,2,2,1.0
1000,5,MidLLapse,SatContMoist,0.06883525848388672,0.027219057083129883,56,18,0.0,0.0,1,1,1.0
1000,6,WndHodograph,LIfr12ZDENSd,0.058243513107299805,0.014758586883544922,56,12,0.0,0.0,1,1,1.0
1000,7,OutflowFrMt,MountainFcst,0.06296086311340332,0.013878107070922852,56,11,0.0,0.0,1,1,1.0
1000,8,OutflowFrMt,MeanRH,0.0672905445098877,0.012366294860839844,56,9,0.0,0.0,1,1,1.0
1000,9,CombClouds,InsSclInScen,0.05727338790893555,0.020157814025878906,56,15,0.0,0.0,1,1,1.0
1000,10,IRCloudCover,CompPlFcst,0.0673837661743164,0.025277376174926758,56,16,0.0,0.0,1,1,1.0
1000,11,InsChange,CldShadeConv,0.06659436225891113,0.015836477279663086,56,7,1.0|1.6,1.0|1.6,2,2,1.0
1000,12,WindFieldPln,LowLLapse,0.05657172203063965,0.0045528411865234375,56,2,0.0,0.0,1,1,1.0
1000,13,LowLLapse,CombClouds,0.06515741348266602,0.025022268295288086,56,16,0.0,0.0,1,1,1.0
1000,14,ScnRelPlFcst,N34StarFcst,0.0612492561340332,0.0059108734130859375,56,3,0.0|0.5,0.0|0.5,2,2,1.0
1000,15,WindFieldMt,AreaMoDryAir,0.06095004081726074,0.026835918426513672,56,16,0.0,0.0,1,1,1.0
1000,16,AreaMoDryAir,MidLLapse,0.07148480415344238,0.024134397506713867,56,16,0.0,0.0,1,1,1.0
1000,17,CldShadeConv,QGVertMotion,0.06205916404724121,0.02912425994873047,56,18,2.0,2.0,1,1,1.0
1000,18,CombMoisture,AMInstabMt,0.0636296272277832,0.02782607078552246,56,17,0.0,0.0,1,1,1.0
1000,19,RHRatio,CombClouds,0.06609439849853516,0.026468515396118164,56,16,0.0,0.0,1,1,1.0
1000,20,CombClouds,N0_7muVerMo,0.06425881385803223,0.029692411422729492,56,19,0.0,0.0,1,1,1.0
1000,21,LowLLapse,ScnRelPlFcst,0.06780409812927246,0.005337238311767578,56,2,0.0,0.0,1,1,1.0
1000,22,MidLLapse,SubjVertMo,0.06892132759094238,0.03450131416320801,56,19,0.0,0.0,1,1,1.0
1000,23,N34StarFcst,MountainFcst,0.06338834762573242,0.006837129592895508,56,3,0.0|0.5,0.0|0.5,2,2,1.0
1000,24,AreaMoDryAir,RaoContMoist,0.06915020942687988,0.027142047882080078,56,17,1.0,1.0,1,1,1.0
1000,25,MorningCIN,AreaMoDryAir,0.06783270835876465,0.023697376251220703,56,17,0.0|3.66667,0.0|3.66667,2,2,1.0
1000,26,AMInstabMt,CapChange,0.06292152404785156,0.01770782470703125,56,14,0.0,0.0,1,1,1.0
1000,27,AMInstabMt,CapInScen,0.06546878814697266,0.016936540603637695,56,14,0.0,0.0,1,1,1.0
1000,28,AMCINInScen,LIfr12ZDENSd,0.07042121887207031,0.008421897888183594,56,6,0.0|0.6,0.0|0.6,2,2,1.0
1000,29,SfcWndShfDis,LowLLapse,0.060115814208984375,0.003917694091796875,56,2,0.0,0.0,1,1,1.0
1000,30,LowLLapse,ScnRelPlFcst,0.06371665000915527,0.0036199092864990234,56,2,0.0,0.0,1,1,1.0
1000,31,Boundaries,RHRatio,0.05991029739379883,0.010773658752441406,56,8,0.0,0.0,1,1,1.0
1000,32,MeanRH,CombMoisture,0.06511139869689941,0.028970003128051758,56,17,0.0,0.0,1,1,1.0
1000,33,AreaMoDryAir,WindAloft,0.06761550903320312,0.02994561195373535,56,16,0.0,0.0,1,1,1.0
1000,34,WindFieldPln,MorningBound,0.058472394943237305,0.011223316192626953,56,9,0.0,0.0,1,1,1.0
1000,35,VISCloudCov,AMDewptCalPl,0.07010316848754883,0.02152848243713379,56,18,0.0,0.0,1,1,1.0
1000,36,QGVertMotion,MountainFcst,0.0635383129119873,0.10481095314025879,56,18,0.0,0.0,1,1,1.0
1000,37,CombClouds,WindFieldMt,0.05456662178039551,0.024546146392822266,56,16,0.0,0.0,1,1,1.0
1000,38,IRCloudCover,CldShadeOth,0.05944490432739258,0.021883249282836914,56,16,0.0,0.0,1,1,1.0
1000,39,MountainFcst,SatContMoist,0.06198453903198242,0.02466106414794922,56,17,1.0|4.0,1.0|4.0,2,2,1.0
1000,40,SfcWndShfDis,N34StarFcst,0.05501055717468262,0.003578662872314453,56,2,0.0,0.0,1,1,1.0
1000,41,WindFieldPln,PlainsFcst,0.05936408042907715,0.0037810802459716797,56,2,0.0,0.0,1,1,1.0
1000,42,InsChange,VISCloudCov,0.056534528732299805,0.022313833236694336,56,16,3.0|5.0,3.0|5.0,2,2,1.0
1000,43,CurPropConv,WndHodograph,0.05958724021911621,0.013574838638305664,56,11,0.0|4.5,0.0|4.5,2,2,1.0
1000,44,InsInMt,QGVertMotion,0.06154179573059082,0.026508808135986328,56,18,2.0,2.0,1,1,1.0
1000,45,InsChange,AMDewptCalPl,0.057900428771972656,0.007025241851806641,56,4,0.0|0.8,0.0|0.8,2,2,1.0
1000,46,InsChange,CapChange,0.06037282943725586,0.007826805114746094,56,5,0.0|0.6,0.0|0.6,2,2,1.0
1000,47,MidLLapse,AMInsWliScen,0.06215214729309082,0.0036683082580566406,56,2,0.0,0.0,1,1,1.0
1000,48,RHRatio,WndHodograph,0.05451536178588867,0.01588129997253418,56,11,0.0,0.0,1,1,1.0
1000,49,AMInstabMt,Boundaries,0.06618785858154297,0.020035266876220703,56,14,0.0,0.0,1,1,1.0
2500,0,LIfr12ZDENSd,CapInScen,0.06125164031982422,0.00789499282836914,56,5,0.0|0.5,0.0|0.5,2,2,1.0
2500,1,LatestCIN,Dewpoints,0.06536030769348145,0.0037865638732910156,56,2,0.0,0.0,1,1,1.0
2500,2,LIfr12ZDENSd,SfcWndShfDis,0.06196951866149902,0.0036230087280273438,56,2,0.0,0.0,1,1,1.0
2500,3,VISCloudCov,InsChange,0.06142401695251465,0.02190256118774414,56,16,0.0,0.0,1,1,1.0
2500,4,MountainFcst,MorningCIN,0.06589555740356445,0.009502172470092773,56,7,0.0|0.5,0.0|0.5,2,2,1.0
2500,5,Date,QGVertMotion,0.06248354911804199,0.06690669059753418,56,38,0.0,0.0,1,1,1.0
2500,6,CapChange,WindFieldPln,0.059174537658691406,0.0037441253662109375,56,2,0.0,0.0,1,1,1.0
2500,7,CldShadeOth,IRCloudCover,0.05945229530334473,0.022227048873901367,56,16,1.0,1.0,1,1,1.0
2500,8,CombClouds,Scenario,0.0632636547088623,0.035819292068481445,56,34,0.0,0.0,1,1,1.0
2500,9,SatContMoist,CapInScen,0.056989431381225586,0.027766704559326172,56,17,0.0,0.0,1,1,1.0
2500,10,LowLLapse,ScenRel3_4,0.05803084373474121,0.0034236907958984375,56,2,0.0,0.0,1,1,1.0
2500,11,CldShadeConv,Boundaries,0.0635368824005127,0.012173891067504883,56,8,0.0,0.0,1,1,1.0
2500,12,IRCloudCover,CapInScen,0.05846357345581055,0.019977092742919922,56,16,0.0,0.0,1,1,1.0
2500,13,AreaMeso_ALS,ScnRelPlFcst,0.0620579719543457,0.025623083114624023,56,17,0.0,0.0,1,1,1.0
2500,14,MorningBound,InsInMt,0.06130266189575195,0.016061067581176758,56,14,0.0,0.0,1,1,1.0
2500,15,LatestCIN,ScenRel3_4,0.05159497261047363,0.006592273712158203,56,5,0.0|0.4,0.0|0.4,2,2,1.0
2500,16,CombMoisture,AMInsWliScen,0.06062150001525879,0.023177146911621094,56,17,0.0,0.0,1,1,1.0
2500,17,PlainsFcst,Boundaries,0.057253360748291016,0.007761955261230469,56,7,1.0|2.0,1.0|2.0,2,2,1.0
2500,18,WindFieldPln,CompPlFcst,0.05361223220825195,0.00823354721069336,56,7,0.0,0.0,1,1,1.0
2500,19,CapInScen,MeanRH,0.06445717811584473,0.0032198429107666016,56,2,0.0,0.0,1,1,1.0
2500,20,CldShadeOth,MeanRH,0.053850650787353516,0.024677038192749023,56,15,0.0,0.0,1,1,1.0
2500,21,AMInstabMt,Dewpoints,0.0535891056060791,0.01775979995727539,56,15,0.0,0.0,1,1,1.0
2500,22,ScenRelAMCIN,SatContMoist,0.056884050369262695,0.025696516036987305,56,19,0.0|3.66667,0.0|3.66667,2,2,1.0
2500,23,LowLLapse,SynForcng,0.05807018280029297,0.003549337387084961,56,2,0.0,0.0,1,1,1.0
2500,24,WindFieldPln,MvmtFeatures,0.05737161636352539,0.0031692981719970703,56,2,0.0,0.0,1,1,1.0
2500,25,LLIW,CldShadeOth,0.07090640068054199,0.017289400100708008,56,16,0.0|3.8,0.0|3.8,2,2,1.0
2500,26,MeanRH,ScenRelAMIns,0.05646514892578125,0.004279613494873047,56,2,0.0,0.0,1,1,1.0
2500,27,CombClouds,MvmtFeatures,0.07652640342712402,0.03374671936035156,56,16,0.0,0.0,1,1,1.0
2500,28,RHRatio,N0_7muVerMo,0.08436799049377441,0.054186105728149414,56,19,0.0,0.0,1,1,1.0
2500,29,CombClouds,RHRatio,0.06872081756591797,0.027004480361938477,56,16,0.0,0.0,1,1,1.0
2500,30,OutflowFrMt,CapChange,0.06534528732299805,0.013972997665405273,56,8,0.0,0.0,1,1,1.0
2500,31,ScenRel3_4,AMInsWliScen,0.06236577033996582,0.00753474235534668,56,5,0.0|0.66667,0.0|0.66667,2,2,1.0
2500,32,N34StarFcst,MorningCIN,0.06545877456665039,0.007902860641479492,56,5,0.0|1.0,0.0|1.0,2,2,1.0
2500,33,ScenRelAMIns,SfcWndShfDis,0.06336355209350586,0.00348663330078125,56,2,0.0,0.0,1,1,1.0
2500,34,LoLevMoistAd,CldShadeOth,0.05749678611755371,0.017723798751831055,56,15,0.0|4.16667,0.0|4.16667,2,2,1.0
2500,35,LowLLapse,CombClouds,0.06399703025817871,0.026784181594848633,56,16,0.0,0.0,1,1,1.0
2500,36,RaoContMoist,CldShadeConv,0.06297159194946289,0.0315854549407959,56,17,0.0,0.0,1,1,1.0
2500,37,CldShadeOth,IRCloudCover,0.057283639907836914,0.02595686912536621,56,16,1.0,1.0,1,1,1.0
2500,38,AMCINInScen,AMInstabMt,0.06452059745788574,0.019076824188232422,56,15,0.0|3.0,0.0|3.0,2,2,1.0
2500,39,CapInScen,OutflowFrMt,0.06697630882263184,0.010286331176757812,56,8,0.75|1.0|1.75,0.75|1.0|1.75,3,3,1.0
2500,40,AreaMeso_ALS,WindFieldMt,0.05500006675720215,0.03387260437011719,56,17,0.0,0.0,1,1,1.0
2500,41,QGVertMotion,AMInsWliScen,0.06575512886047363,0.025440216064453125,56,19,0.0,0.0,1,1,1.0
2500,42,SynForcng,LLIW,0.06992197036743164,0.003704547882080078,56,2,0.0,0.0,1,1,1.0
2500,43,InsSclInScen,QGVertMotion,0.05841326713562012,0.025225400924682617,56,18,5.75|7.0|12.75,5.75|7.0|12.75,3,3,1.0
2500,44,LoLevMoistAd,Boundaries,0.06787753105163574,0.009401321411132812,56,8,0.0|1.33333,0.0|1.33333,2,2,1.0
2500,45,MorningCIN,CapChange,0.06313467025756836,0.0066356658935546875,56,4,0.0|0.66667,0.0|0.66667,2,2,1.0
2500,46,N0_7muVerMo,TempDis,0.060843706130981445,0.03021526336669922,56,19,0.0,0.0,1,1,1.0
2500,47,SfcWndShfDis,LatestCIN,0.06292033195495605,0.0035147666931152344,56,2,0.0,0.0,1,1,1.0
2500,48,LatestCIN,ScenRelAMCIN,0.059726715087890625,0.007977485656738281,56,6,0.0|0.6,0.0|0.6,2,2,1.0
2500,49,CapChange,WindFieldPln,0.061585187911987305,0.0037326812744140625,56,2,0.0,0.0,1,1,1.0
5000,0,CompPlFcst,LatestCIN,0.062265634536743164,0.009222269058227539,56,8,0.0,0.0,1,1,1.0
5000,1,AreaMeso_ALS,LLIW,0.07025265693664551,0.024835824966430664,56,18,0.0,0.0,1,1,1.0
5000,2,SynForcng,LowLLapse,0.07189249992370605,0.003612518310546875,56,2,0.0,0.0,1,1,1.0
5000,3,Boundaries,WindAloft,0.06285929679870605,0.011606454849243164,56,8,0.0,0.0,1,1,1.0
5000,4,OutflowFrMt,R5Fcst,0.06588172912597656,0.012302160263061523,56,10,0.0,0.0,1,1,1.0
5000,5,CapChange,Scenario,0.05980825424194336,0.02109241485595703,56,24,0.0|2.4,0.0|2.4,2,2,1.0
5000,6,QGVertMotion,SatContMoist,0.06126093864440918,0.03389239311218262,56,20,0.0,0.0,1,1,1.0
5000,7,CurPropConv,LIfr12ZDENSd,0.06586313247680664,0.007156848907470703,56,5,0.0|0.75,0.0|0.75,2,2,1.0
5000,8,InsSclInScen,RaoContMoist,0.06176590919494629,0.0291900634765625,56,17,2.5|3.0|5.5,2.5|3.0|5.5,3,3,1.0
5000,9,R5Fcst,N0_7muVerMo,0.05879616737365723,0.024852991104125977,56,18,2.0|14.0|16.0,2.0|14.0|16.0,3,3,1.0
5000,10,LoLevMoistAd,CldShadeConv,0.0616457462310791,0.010860919952392578,56,8,0.0|1.33333,0.0|1.33333,2,2,1.0
5000,11,AMCINInScen,ScnRelPlFcst,0.06509971618652344,0.0070841312408447266,56,4,0.0|0.6,0.0|0.6,2,2,1.0
5000,12,InsChange,PlainsFcst,0.05549120903015137,0.006684303283691406,56,3,0.0|0.6,0.0|0.6,2,2,1.0
5000,13,AMInsWliScen,WindAloft,0.13128137588500977,0.0034296512603759766,56,2,0.0,0.0,1,1,1.0
5000,14,TempDis,MorningCIN,0.06095600128173828,0.0037631988525390625,56,2,0.0,0.0,1,1,1.0
5000,15,AMCINInScen,SubjVertMo,0.06156444549560547,0.0243985652923584,56,19,0.0|10.2,0.0|10.2,2,2,1.0
5000,16,OutflowFrMt,InsSclInScen,0.05733609199523926,0.016823291778564453,56,8,0.0,0.0,1,1,1.0
5000,17,WindAloft,AreaMoDryAir,0.05799555778503418,0.02428293228149414,56,16,0.0,0.0,1,1,1.0
5000,18,ScenRelAMCIN,MorningBound,0.06029105186462402,0.014123916625976562,56,10,0.0|1.16667,0.0|1.16667,2,2,1.0
5000,19,R5Fcst,ScenRelAMIns,0.06072640419006348,0.008904218673706055,56,6,0.0|1.0,0.0|1.0,2,2,1.0
5000,20,RHRatio,AreaMeso_ALS,0.05882430076599121,0.028375625610351562,56,17,0.0,0.0,1,1,1.0
5000,21,Scenario,CurPropConv,0.06272053718566895,0.014941215515136719,56,24,0.0,0.0,1,1,1.0
5000,22,LoLevMoistAd,Dewpoints,0.05965852737426758,0.0038542747497558594,56,2,0.0,0.0,1,1,1.0
5000,23,VISCloudCov,LLIW,0.06719803810119629,0.026381731033325195,56,18,0.0,0.0,1,1,1.0
5000,24,ScenRelAMIns,AMDewptCalPl,0.06473994255065918,0.0068111419677734375,56,3,0.0|0.83333,0.0|0.83333,2,2,1.0
5000,25,Dewpoints,CapInScen,0.0593719482421875,0.004488229751586914,56,2,0.0,0.0,1,1,1.0
5000,26,N34StarFcst,CldShadeConv,0.0648193359375,0.010657787322998047,56,8,0.0|2.0,0.0|2.0,2,2,1.0
5000,27,LLIW,VISCloudCov,0.0661475658416748,0.028242826461791992,56,18,0.0|3.8,0.0|3.8,2,2,1.0
5000,28,AMCINInScen,CldShadeConv,0.06532454490661621,0.01215672492980957,56,8,0.0|1.4,0.0|1.4,2,2,1.0
5000,29,VISCloudCov,AreaMeso_ALS,0.06595969200134277,0.02917933464050293,56,18,0.0,0.0,1,1,1.0
5000,30,MorningCIN,SfcWndShfDis,0.0614016056060791,0.0034978389739990234,56,2,0.0,0.0,1,1,1.0
5000,31,Date,N34StarFcst,0.06263923645019531,0.025124788284301758,56,24,0.0,0.0,1,1,1.0
5000,32,IRCloudCover,QGVertMotion,0.0691232681274414,0.029941320419311523,56,20,0.0,0.0,1,1,1.0
5000,33,LoLevMoistAd,MorningCIN,0.05836296081542969,0.00809931755065918,56,7,0.0|0.5,0.0|0.5,2,2,1.0
5000,34,RHRatio,SubjVertMo,0.0618133544921875,0.03326606750488281,56,19,0.0,0.0,1,1,1.0
5000,35,InsChange,R5Fcst,0.06392502784729004,0.00770878791809082,56,5,0.0|0.2,0.0|0.2,2,2,1.0
5000,36,LowLLapse,MorningBound,0.05866241455078125,0.011435508728027344,56,9,0.0,0.0,1,1,1.0
5000,37,AreaMoDryAir,LLIW,0.0689249038696289,0.02695441246032715,56,17,0.0,0.0,1,1,1.0
5000,38,RaoContMoist,AMInstabMt,0.05936145782470703,0.029506444931030273,56,18,0.0,0.0,1,1,1.0
5000,39,AMCINInScen,CldShadeOth,0.05817079544067383,0.018068313598632812,56,15,0.0|4.4,0.0|4.4,2,2,1.0
5000,40,N34StarFcst,RHRatio,0.0645148754119873,0.0037658214569091797,56,2,0.0,0.0,1,1,1.0
5000,41,Date,CompPlFcst,0.06311368942260742,0.02421736717224121,56,27,0.0,0.0,1,1,1.0
5000,42,InsChange,WindAloft,0.06107616424560547,0.0034062862396240234,56,2,0.0,0.0,1,1,1.0
5000,43,IRCloudCover,MountainFcst,0.06441855430603027,0.02255988121032715,56,16,0.0,0.0,1,1,1.0
5000,44,SubjVertMo,OutflowFrMt,0.06319522857666016,0.03285837173461914,56,18,0.0,0.0,1,1,1.0
5000,45,Scenario,MorningBound,0.05688834190368652,0.023647785186767578,56,28,0.0,0.0,1,1,1.0
5000,46,WindAloft,CombVerMo,0.0627129077911377,0.030979156494140625,56,18,0.0,0.0,1,1,1.0
5000,47,AMInsWliScen,Dewpoints,0.06933307647705078,0.0034813880920410156,56,2,0.0,0.0,1,1,1.0
5000,48,LowLLapse,TempDis,0.05710029602050781,0.003492116928100586,56,2,0.0,0.0,1,1,1.0
5000,49,IRCloudCover,ScenRelAMIns,0.06331253051757812,0.02326178550720215,56,18,0.0,0.0,1,1,1.0
7500,0,N34StarFcst,MeanRH,0.06408405303955078,0.004492998123168945,56,2,0.0,0.0,1,1,1.0
7500,1,Date,InsSclInScen,0.06374096870422363,0.02432560920715332,56,24,0.0,0.0,1,1,1.0
7500,2,AreaMeso_ALS,CldShadeConv,0.06852579116821289,0.021863460540771484,56,16,0.0,0.0,1,1,1.0
7500,3,MvmtFeatures,SfcWndShfDis,0.052983760833740234,0.004259824752807617,56,2,0.0,0.0,1,1,1.0
7500,4,AMInsWliScen,SatContMoist,0.05579543113708496,0.021123409271240234,56,18,0.0|4.4,0.0|4.4,2,2,1.0
7500,5,MorningCIN,IRCloudCover,0.05725741386413574,0.01914691925048828,56,18,0.0|3.66667,0.0|3.66667,2,2,1.0
7500,6,N0_7muVerMo,MeanRH,0.05094647407531738,0.026443004608154297,56,19,0.0,0.0,1,1,1.0
7500,7,SubjVertMo,Dewpoints,0.05779671669006348,0.026897668838500977,56,19,0.0,0.0,1,1,1.0
7500,8,PlainsFcst,MidLLapse,0.05993843078613281,0.0032205581665039062,56,2,0.0,0.0,1,1,1.0
7500,9,CombClouds,PlainsFcst,0.05355978012084961,0.014673948287963867,56,15,0.0,0.0,1,1,1.0
7500,10,WindFieldMt,N34StarFcst,0.0555424690246582,0.0031931400299072266,56,2,0.0,0.0,1,1,1.0
7500,11,WindFieldPln,LLIW,0.058329105377197266,0.0032079219818115234,56,2,0.0,0.0,1,1,1.0
7500,12,CombMoisture,ScenRelAMCIN,0.053427934646606445,0.021513938903808594,56,18,0.0,0.0,1,1,1.0
7500,13,Boundaries,CombClouds,0.05771136283874512,0.020290613174438477,56,15,1.0,1.0,1,1,1.0
7500,14,WindFieldPln,MountainFcst,0.05553722381591797,0.0032317638397216797,56,2,0.0,0.0,1,1,1.0
7500,15,LLIW,WindFieldPln,0.061415910720825195,0.0033805370330810547,56,2,0.0,0.0,1,1,1.0
7500,16,MvmtFeatures,LoLevMoistAd,0.059240102767944336,0.003472566604614258,56,2,0.0,0.0,1,1,1.0
7500,17,AMInstabMt,VISCloudCov,0.050478219985961914,0.018966197967529297,56,17,0.0,0.0,1,1,1.0
7500,18,RHRatio,N34StarFcst,0.05902886390686035,0.0032296180725097656,56,2,0.0,0.0,1,1,1.0
7500,19,LatestCIN,ScenRel3_4,0.05799984931945801,0.006676673889160156,56,5,0.0|0.4,0.0|0.4,2,2,1.0
7500,20,N34StarFcst,WindFieldMt,0.05799269676208496,0.0035066604614257812,56,2,0.0,0.0,1,1,1.0
7500,21,AreaMeso_ALS,LatestCIN,0.05344390869140625,0.028089284896850586,56,18,0.0,0.0,1,1,1.0
7500,22,ScnRelPlFcst,N0_7muVerMo,0.05347609519958496,0.02701854705810547,56,19,0.0|11.0,0.0|11.0,2,2,1.0
7500,23,SfcWndShfDis,InsChange,0.05911517143249512,0.003242969512939453,56,2,0.0,0.0,1,1,1.0
7500,24,CldShadeOth,OutflowFrMt,0.05630755424499512,0.02323746681213379,56,14,0.0,0.0,1,1,1.0
7500,25,CldShadeOth,Date,0.05024242401123047,0.033476829528808594,56,34,0.0,0.0,1,1,1.0
7500,26,CldShadeOth,LowLLapse,0.05586123466491699,0.02187490463256836,56,15,0.0,0.0,1,1,1.0
7500,27,ScenRelAMCIN,AreaMoDryAir,0.06809425354003906,0.022444963455200195,56,17,0.0|3.66667,0.0|3.66667,2,2,1.0
7500,28,WindAloft,IRCloudCover,0.05768251419067383,0.0289766788482666,56,17,0.0,0.0,1,1,1.0
7500,29,AreaMoDryAir,Scenario,0.05037331581115723,0.03403782844543457,56,34,0.0,0.0,1,1,1.0
7500,30,ScenRel3_4,ScnRelPlFcst,0.05809330940246582,0.006290435791015625,56,4,0.0|0.66667,0.0|0.66667,2,2,1.0
7500,31,AMInsWliScen,LatestCIN,0.058235883712768555,0.007322072982788086,56,5,0.0|0.6,0.0|0.6,2,2,1.0
7500,32,CombClouds,CombVerMo,0.05113983154296875,0.025658369064331055,56,18,0.0,0.0,1,1,1.0
7500,33,Date,CombVerMo,0.059406280517578125,0.03736615180969238,56,37,0.0,0.0,1,1,1.0
7500,34,WindFieldPln,LLIW,0.05783486366271973,0.0034885406494140625,56,2,0.0,0.0,1,1,1.0
7500,35,VISCloudCov,MorningBound,0.0534358024597168,0.026857852935791016,56,17,0.0,0.0,1,1,1.0
7500,36,MvmtFeatures,RHRatio,0.05367136001586914,0.003175973892211914,56,2,0.0,0.0,1,1,1.0
7500,37,ScenRelAMCIN,MorningBound,0.05680203437805176,0.010305404663085938,56,10,0.0|1.16667,0.0|1.16667,2,2,1.0
7500,38,R5Fcst,AreaMoDryAir,0.054749250411987305,0.01699995994567871,56,15,1.0|6.0|7.0,1.0|6.0|7.0,3,3,1.0
7500,39,WindFieldMt,SatContMoist,0.05619359016418457,0.02613663673400879,56,18,0.0,0.0,1,1,1.0
7500,40,Scenario,WndHodograph,0.1317918300628662,0.02549457550048828,56,30,0.0,0.0,1,1,1.0
7500,41,CombMoisture,LatestCIN,0.05907487869262695,0.022226810455322266,56,18,0.0,0.0,1,1,1.0
7500,42,LoLevMoistAd,N34StarFcst,0.05272841453552246,0.006659269332885742,56,5,0.0|0.33333,0.0|0.33333,2,2,1.0
7500,43,Date,MorningCIN,0.05723762512207031,0.022780179977416992,56,25,0.0,0.0,1,1,1.0
7500,44,MorningBound,WindFieldPln,0.05739474296569824,0.009945154190063477,56,9,0.0,0.0,1,1,1.0
7500,45,WndHodograph,ScenRelAMIns,0.051357269287109375,0.014241456985473633,56,12,0.0,0.0,1,1,1.0
7500,46,AMDewptCalPl,Boundaries,0.05467700958251953,0.011500120162963867,56,9,0.0|1.16667,0.0|1.16667,2,2,1.0
7500,47,AreaMeso_ALS,CapInScen,0.05505514144897461,0.024996042251586914,56,16,0.0,0.0,1,1,1.0
7500,48,CombClouds,InsSclInScen,0.053136348724365234,0.017776012420654297,56,15,0.0,0.0,1,1,1.0
7500,49,RaoContMoist,Boundaries,0.0587000846862793,0.02276897430419922,56,17,0.0,0.0,1,1,1.0
10000,0,OutflowFrMt,QGVertMotion,0.050847530364990234,0.03622603416442871,56,18,2.0,2.0,1,1,1.0
10000,1,WndHodograph,LatestCIN,0.05190396308898926,0.017211437225341797,56,12,0.0,0.0,1,1,1.0
10000,2,AMDewptCalPl,MountainFcst,0.07458090782165527,0.011274576187133789,56,7,0.0|0.16667,0.0|0.16667,2,2,1.0
10000,3,SfcWndShfDis,CldShadeConv,0.08927392959594727,0.01535487174987793,56,8,0.0,0.0,1,1,1.0
10000,4,TempDis,ScenRel3_4,0.08611917495727539,0.00455164909362793,56,2,0.0,0.0,1,1,1.0
10000,5,AMCINInScen,R5Fcst,0.06857991218566895,0.013357400894165039,56,5,0.0|0.2,0.0|0.2,2,2,1.0
10000,6,LLIW,IRCloudCover,0.05655097961425781,0.02351975440979004,56,18,0.0|3.8,0.0|3.8,2,2,1.0
10000,7,VISCloudCov,PlainsFcst,0.06304931640625,0.020229339599609375,56,16,0.0,0.0,1,1,1.0
10000,8,CapChange,RaoContMoist,0.0614171028137207,0.030959367752075195,56,17,3.0|5.0,3.0|5.0,2,2,1.0
10000,9,SubjVertMo,CldShadeOth,0.054523468017578125,0.026897430419921875,56,18,0.0,0.0,1,1,1.0
10000,10,LLIW,LatestCIN,0.06095385551452637,0.00651097297668457,56,3,0.0|0.8,0.0|0.8,2,2,1.0
10000,11,LowLLapse,AMDewptCalPl,0.06029653549194336,0.005146503448486328,56,2,0.0,0.0,1,1,1.0
10000,12,MountainFcst,WindAloft,0.0666360855102539,0.00384521484375,56,2,0.0,0.0,1,1,1.0
10000,13,ScenRelAMIns,AreaMeso_ALS,0.06717538833618164,0.027367115020751953,56,18,0.0|8.5,0.0|8.5,2,2,1.0
10000,14,Date,InsInMt,0.05983424186706543,0.04948019981384277,56,33,0.0,0.0,1,1,1.0
10000,15,OutflowFrMt,SatContMoist,0.05770301818847656,0.02488088607788086,56,17,1.0,1.0,1,1,1.0
10000,16,MvmtFeatures,N0_7muVerMo,0.06128525733947754,0.030845165252685547,56,19,0.0,0.0,1,1,1.0
10000,17,MountainFcst,AMInstabMt,0.06677412986755371,0.018463850021362305,56,14,1.0|3.0,1.0|3.0,2,2,1.0
10000,18,Dewpoints,AMInsWliScen,0.0591890811920166,0.0034668445587158203,56,2,0.0,0.0,1,1,1.0
10000,19,CombVerMo,VISCloudCov,0.06175065040588379,0.029468774795532227,56,19,0.0,0.0,1,1,1.0
10000,20,InsChange,AMInsWliScen,0.05858731269836426,0.01237797737121582,56,3,0.0|0.8,0.0|0.8,2,2,1.0
10000,21,CombClouds,LIfr12ZDENSd,0.05766582489013672,0.020954608917236328,56,17,0.0,0.0,1,1,1.0
10000,22,ScnRelPlFcst,CapChange,0.06559872627258301,0.006888151168823242,56,4,0.0|0.75,0.0|0.75,2,2,1.0
10000,23,ScenRelAMIns,TempDis,0.05907249450683594,0.0034410953521728516,56,2,0.0,0.0,1,1,1.0
10000,24,SubjVertMo,MorningBound,0.06673026084899902,0.028582334518432617,56,19,0.0,0.0,1,1,1.0
10000,25,ScnRelPlFcst,SynForcng,0.06788897514343262,0.0034563541412353516,56,2,0.0,0.0,1,1,1.0
10000,26,AreaMoDryAir,MidLLapse,0.061972856521606445,0.026661396026611328,56,16,0.0,0.0,1,1,1.0
10000,27,CldShadeOth,LIfr12ZDENSd,0.06230425834655762,0.018489360809326172,56,16,0.0,0.0,1,1,1.0
10000,28,MeanRH,VISCloudCov,0.07617545127868652,0.02448248863220215,56,17,0.0,0.0,1,1,1.0
10000,29,ScenRelAMIns,Boundaries,0.05801129341125488,0.012820720672607422,56,9,0.0|1.16667,0.0|1.16667,2,2,1.0
10000,30,PlainsFcst,Dewpoints,0.06493949890136719,0.003660440444946289,56,2,0.0,0.0,1,1,1.0
10000,31,Boundaries,N34StarFcst,0.06253981590270996,0.009145498275756836,56,8,0.0,0.0,1,1,1.0
10000,32,SynForcng,AreaMeso_ALS,0.0598297119140625,0.030840396881103516,56,17,0.0,0.0,1,1,1.0
10000,33,InsChange,RHRatio,0.06562042236328125,0.0036802291870117188,56,2,0.0,0.0,1,1,1.0
10000,34,LowLLapse,N34StarFcst,0.05919313430786133,0.003843545913696289,56,2,0.0,0.0,1,1,1.0
10000,35,IRCloudCover,MeanRH,0.06281328201293945,0.026405811309814453,56,17,0.0,0.0,1,1,1.0
10000,36,N0_7muVerMo,RaoContMoist,0.06052279472351074,0.03957486152648926,56,20,0.0,0.0,1,1,1.0
10000,37,Scenario,OutflowFrMt,0.05937957763671875,0.022445201873779297,56,28,0.0,0.0,1,1,1.0
10000,38,R5Fcst,AMDewptCalPl,0.06807065010070801,0.009882688522338867,56,6,0.0|1.0,0.0|1.0,2,2,1.0
10000,39,MidLLapse,CompPlFcst,0.0669107437133789,0.010253190994262695,56,7,0.0,0.0,1,1,1.0
10000,40,PlainsFcst,Scenario,0.06076788902282715,0.014054298400878906,56,23,2.66667|3.0|3.66667,2.66667|3.0|3.66667,3,3,1.0
10000,41,TempDis,MountainFcst,0.06852936744689941,0.003602743148803711,56,2,0.0,0.0,1,1,1.0
10000,42,RHRatio,Date,0.05851244926452637,0.02015519142150879,56,24,1.0,1.0,1,1,1.0
10000,43,WindFieldPln,MvmtFeatures,0.059160709381103516,0.0034041404724121094,56,2,0.0,0.0,1,1,1.0
10000,44,LatestCIN,MorningBound,0.06887245178222656,0.01402139663696289,56,10,0.0|1.2,0.0|1.2,2,2,1.0
10000,45,N34StarFcst,MountainFcst,0.05996537208557129,0.006253719329833984,56,3,0.0|0.5,0.0|0.5,2,2,1.0
10000,46,InsInMt,MeanRH,0.06660914421081543,0.018453359603881836,56,14,0.0,0.0,1,1,1.0
10000,47,InsSclInScen,CombMoisture,0.060466766357421875,0.027977466583251953,56,16,2.5|3.0|5.5,2.5|3.0|5.5,3,3,1.0
10000,48,ScenRelAMIns,CldShadeConv,0.06321024894714355,0.010614633560180664,56,9,0.0|1.16667,0.0|1.16667,2,2,1.0
10000,49,CombClouds,LatestCIN,0.0646209716796875,0.02456808090209961,56,17,0.0,0.0,1,1,1.0
