Sample_Size,Exp_ID,T,Y,True_Effect,MAE_Full,MAE_Local,Time_Full,Time_Local,Eff_Full,Eff_Local,Set_Size_Full,Set_Size_Local,MAE_Full_n,MAE_Local_n,Time_Full_n,Time_Local_n,Vars_Full,Vars_Local,Eff_Full_n,Eff_Local_n,Set_Size_Full_n,Set_Size_Local_n
500,0,Erk,PKC,5.0,1.3333333333333333,1.3333333333333333,0.015966176986694336,0.042984724044799805,1.5|5.0|5.5,1.5|5.0|5.5,3,3,1.4898389010408113,1.4898389010408113,0.011897087097167969,0.010768890380859375,11,8,1.01857|5.07453|5.41355,1.01857|5.07453|5.41355,3,3
500,1,Erk,PKC,5.0,1.3333333333333333,1.3333333333333333,0.013689994812011719,0.00871419906616211,1.5|5.0|5.5,1.5|5.0|5.5,3,3,1.4499842879994658,1.4499842879994658,0.009448766708374023,0.014759540557861328,11,8,1.39969|5.16226|5.58738,1.39969|5.16226|5.58738,3,3
500,2,Erk,Raf,1.0,0.3333333333333333,0.5,0.010679244995117188,0.00730443000793457,0.0|1.0,0.0|1.0,2,2,0.4094356035623529,0.5798358798781866,0.009868144989013672,0.005997896194458008,11,3,-0.12018|0.93136|0.96051,-0.12018|0.96051,3,2
500,3,Akt,Mek,1.0,0.5,0.5,0.008700132369995117,0.010785102844238281,0.0|1.0,0.0|1.0,2,2,0.49695243750904794,0.49695243750904794,0.01899433135986328,0.009597063064575195,11,3,0.05842|1.05232,0.05842|1.05232,2,2
500,4,Akt,PKC,6.0,2.5,2.5,0.007929563522338867,0.010257959365844727,1.0|6.0,1.0|6.0,2,2,2.6132184016468534,2.6132184016468534,0.016239404678344727,0.009847164154052734,11,8,1.10015|6.32659,1.10015|6.32659,2,2
500,5,Erk,Raf,1.0,0.3333333333333333,0.5,0.016892433166503906,0.008220672607421875,0.0|1.0,0.0|1.0,2,2,0.37081717020188404,0.4992062167657231,0.009932518005371094,0.007355690002441406,11,3,0.05395|1.05237|1.11404,0.05395|1.05237,3,2
500,6,Akt,Mek,1.0,0.5,0.5,0.007890462875366211,0.008403778076171875,0.0|1.0,0.0|1.0,2,2,0.5239075342661147,0.5239075342661147,0.013422966003417969,0.006234169006347656,11,3,-0.02325|1.02457,-0.02325|1.02457,2,2
500,7,Erk,PKC,5.0,1.3333333333333333,1.3333333333333333,0.009203195571899414,0.013285636901855469,1.5|5.0|5.5,1.5|5.0|5.5,3,3,1.413449245774191,1.413449245774191,0.008480548858642578,0.014079570770263672,11,8,1.23916|4.86192|5.34143,1.23916|4.86192|5.34143,3,3
500,8,Akt,PKC,6.0,2.5,2.5,0.009424448013305664,0.014339447021484375,1.0|6.0,1.0|6.0,2,2,2.853859227314138,2.853859227314138,0.012856483459472656,0.011696338653564453,11,8,0.61741|6.32513,0.61741|6.32513,2,2
500,9,Akt,PKC,6.0,2.5,2.5,0.01001596450805664,0.010491371154785156,1.0|6.0,1.0|6.0,2,2,2.522892598484585,2.522892598484585,0.007878780364990234,0.015774965286254883,11,8,1.02576|6.07154,1.02576|6.07154,2,2
500,10,Erk,PKC,5.0,1.3333333333333333,1.3333333333333333,0.008916139602661133,0.011456489562988281,1.5|5.0|5.5,1.5|5.0|5.5,3,3,1.4665304740762943,1.4665304740762943,0.01327204704284668,0.008852243423461914,11,8,1.36129|4.62111|5.38199,1.36129|4.62111|5.38199,3,3
500,11,Akt,PKC,6.0,2.5,2.5,0.11536812782287598,0.010705232620239258,1.0|6.0,1.0|6.0,2,2,2.7082391665801855,2.7082391665801855,0.007798671722412109,0.009419441223144531,11,8,1.25152|6.668,1.25152|6.668,2,2
500,12,Akt,Mek,1.0,0.5,0.5,0.007341146469116211,0.009949922561645508,0.0|1.0,0.0|1.0,2,2,0.5510746263487933,0.5510746263487933,0.010673761367797852,0.008671045303344727,11,3,-0.08267|0.98052,-0.08267|0.98052,2,2
500,13,Erk,PKC,5.0,1.3333333333333333,1.3333333333333333,0.00984811782836914,0.013504505157470703,1.5|5.0|5.5,1.5|5.0|5.5,3,3,1.355402337331978,1.355402337331978,0.016385793685913086,0.010872602462768555,11,8,1.42146|4.81616|5.30382,1.42146|4.81616|5.30382,3,3
500,14,Akt,PKC,6.0,2.5,2.5,0.009618282318115234,0.014040708541870117,1.0|6.0,1.0|6.0,2,2,2.6748559733883885,2.6748559733883885,0.007873296737670898,0.008918523788452148,11,8,0.99984|5.65045,0.99984|5.65045,2,2
500,15,Akt,Raf,1.0,0.5,0.5,0.013009786605834961,0.0073702335357666016,0.0|1.0,0.0|1.0,2,2,0.5587677040386778,0.5587677040386778,0.010004281997680664,0.00733184814453125,11,4,-0.06745|0.94992,-0.06745|0.94992,2,2
500,16,Erk,Raf,1.0,0.3333333333333333,0.5,0.009382247924804688,0.0071868896484375,0.0|1.0,0.0|1.0,2,2,0.34994847773181076,0.49435939872741724,0.013107538223266602,0.008719921112060547,11,3,0.0371|0.93887|0.97418,0.0371|0.97418,3,2
500,17,Akt,Raf,1.0,0.5,0.5,0.008341073989868164,0.008760213851928711,0.0|1.0,0.0|1.0,2,2,0.4842517183504478,0.4842517183504478,0.007679939270019531,0.011627912521362305,11,4,0.0683|1.0368,0.0683|1.0368,2,2
500,18,Akt,PKC,6.0,2.5,2.5,0.009178638458251953,0.010961294174194336,1.0|6.0,1.0|6.0,2,2,2.666832406122863,2.666832406122863,0.01308131217956543,0.009992837905883789,11,8,0.93901|5.72732,0.93901|5.72732,2,2
500,19,Akt,Mek,1.0,0.5,0.5,0.008484125137329102,0.006865739822387695,0.0|1.0,0.0|1.0,2,2,0.5478400091213158,0.5478400091213158,0.007703304290771484,0.0064122676849365234,11,3,-0.06673|1.02895,-0.06673|1.02895,2,2
500,20,Akt,PKC,6.0,2.5,2.5,0.008546829223632812,0.010480642318725586,1.0|6.0,1.0|6.0,2,2,2.982544228368889,2.982544228368889,0.0074808597564697266,0.009088516235351562,11,8,0.40468|6.36977,0.40468|6.36977,2,2
500,21,Akt,PKC,6.0,2.5,2.5,0.011547327041625977,0.008801460266113281,1.0|6.0,1.0|6.0,2,2,2.7665131286018227,2.7665131286018227,0.00786137580871582,0.01105809211730957,11,8,0.54724|6.08027,0.54724|6.08027,2,2
500,22,Akt,Raf,1.0,0.5,0.5,0.007474660873413086,0.007279634475708008,0.0|1.0,0.0|1.0,2,2,0.570321871983422,0.570321871983422,0.009223699569702148,0.007562160491943359,11,4,-0.09844|0.9578,-0.09844|0.9578,2,2
500,23,Akt,PKC,6.0,2.5,2.5,0.009272575378417969,0.009721040725708008,1.0|6.0,1.0|6.0,2,2,2.30643366423881,2.30643366423881,0.008067846298217773,0.008568286895751953,11,8,1.51621|6.12908,1.51621|6.12908,2,2
500,24,Akt,PKC,6.0,2.5,2.5,0.013424158096313477,0.008562326431274414,1.0|6.0,1.0|6.0,2,2,2.5785993966355663,2.5785993966355663,0.008157730102539062,0.009301424026489258,11,8,0.96762|5.87518,0.96762|5.87518,2,2
500,25,Akt,Mek,1.0,0.5,0.5,0.009875059127807617,0.0072307586669921875,0.0|1.0,0.0|1.0,2,2,0.5722438986781979,0.5722438986781979,0.011641263961791992,0.007531881332397461,11,3,-0.11299|0.9685,-0.11299|0.9685,2,2
500,26,Akt,Mek,1.0,0.5,0.5,0.01165914535522461,0.006722450256347656,0.0|1.0,0.0|1.0,2,2,0.46242946055703504,0.46242946055703504,0.007910013198852539,0.0056765079498291016,11,3,0.10799|0.96716,0.10799|0.96716,2,2
500,27,Erk,PKC,5.0,1.3333333333333333,1.3333333333333333,0.008990287780761719,0.008546590805053711,1.5|5.0|5.5,1.5|5.0|5.5,3,3,1.410445872747208,1.410445872747208,0.00709986686706543,0.010601282119750977,11,8,1.27761|4.8552|5.36414,1.27761|4.8552|5.36414,3,3
500,28,Akt,Mek,1.0,0.5,0.5,0.014538049697875977,0.00866556167602539,0.0|1.0,0.0|1.0,2,2,0.5029901513826381,0.5029901513826381,0.012638330459594727,0.012490510940551758,11,3,0.06607|1.07205,0.06607|1.07205,2,2
500,29,Akt,PKC,6.0,2.5,2.5,0.011477947235107422,0.00964808464050293,1.0|6.0,1.0|6.0,2,2,2.8319843731078116,2.8319843731078116,0.009718179702758789,0.010302066802978516,11,8,0.88369|5.45234,0.88369|5.45234,2,2
500,30,Akt,PKC,6.0,2.5,2.5,0.009091854095458984,0.011390209197998047,1.0|6.0,1.0|6.0,2,2,2.486628909706396,2.486628909706396,0.010972976684570312,0.008913040161132812,11,8,1.24288|5.78386,1.24288|5.78386,2,2
500,31,Akt,Mek,1.0,0.5,0.5,0.007863044738769531,0.007172822952270508,0.0|1.0,0.0|1.0,2,2,0.5642790656728386,0.5642790656728386,0.007202863693237305,0.00579380989074707,11,3,-0.08895|0.96039,-0.08895|0.96039,2,2
500,32,Akt,Raf,1.0,0.5,0.5,0.008212566375732422,0.009234905242919922,0.0|1.0,0.0|1.0,2,2,0.4699173186469344,0.4699173186469344,0.008379220962524414,0.011483907699584961,11,4,0.08123|0.97893,0.08123|0.97893,2,2
500,33,Akt,PKC,6.0,2.5,2.5,0.0065135955810546875,0.007265567779541016,1.0|6.0,1.0|6.0,2,2,2.5801897008165984,2.5801897008165984,0.008396625518798828,0.007567405700683594,11,8,1.2004|6.36078,1.2004|6.36078,2,2
500,34,Akt,Mek,1.0,0.5,0.5,0.007110595703125,0.011938333511352539,0.0|1.0,0.0|1.0,2,2,0.5129886211229674,0.5129886211229674,0.007117509841918945,0.008614540100097656,11,3,0.03656|1.06254,0.03656|1.06254,2,2
500,35,Erk,PKC,5.0,1.3333333333333333,1.3333333333333333,0.0070798397064208984,0.008196592330932617,1.5|5.0|5.5,1.5|5.0|5.5,3,3,1.3849750511959462,1.3849750511959462,0.006393909454345703,0.007314443588256836,11,8,2.11098|5.59319|5.67271,2.11098|5.59319|5.67271,3,3
500,36,Akt,Raf,1.0,0.5,0.5,0.008516073226928711,0.010433673858642578,0.0|1.0,0.0|1.0,2,2,0.5639521880889329,0.5639521880889329,0.006556510925292969,0.007037162780761719,11,4,-0.09118|0.96328,-0.09118|0.96328,2,2
500,37,Akt,Mek,1.0,0.5,0.5,0.008239984512329102,0.009684324264526367,0.0|1.0,0.0|1.0,2,2,0.5635230719084424,0.5635230719084424,0.013424158096313477,0.010125875473022461,11,3,-0.02627|1.10078,-0.02627|1.10078,2,2
500,38,Erk,Raf,1.0,0.3333333333333333,0.5,0.008330106735229492,0.00729060173034668,0.0|1.0,0.0|1.0,2,2,0.3946608710658228,0.565894901056698,0.012218236923217773,0.01228022575378418,11,3,-0.10988|1.02191|1.05219,-0.10988|1.02191,3,2
500,39,Akt,Raf,1.0,0.5,0.5,0.007917165756225586,0.00727534294128418,0.0|1.0,0.0|1.0,2,2,0.6210352371402169,0.6210352371402169,0.01240229606628418,0.0072171688079833984,11,4,-0.12353|0.88146,-0.12353|0.88146,2,2
500,40,Akt,PKC,6.0,2.5,2.5,0.008309602737426758,0.010228633880615234,1.0|6.0,1.0|6.0,2,2,2.6228842177000096,2.6228842177000096,0.012751102447509766,0.009119272232055664,11,8,1.00373|6.2495,1.00373|6.2495,2,2
500,41,Akt,Mek,1.0,0.5,0.5,0.00838160514831543,0.009279966354370117,0.0|1.0,0.0|1.0,2,2,0.6056221187644371,0.6056221187644371,0.011465787887573242,0.009997844696044922,11,3,-0.1729|0.96165,-0.1729|0.96165,2,2
500,42,Erk,PKC,5.0,1.3333333333333333,1.3333333333333333,0.00964975357055664,0.010447978973388672,1.5|5.0|5.5,1.5|5.0|5.5,3,3,1.410998301457676,1.410998301457676,0.009175539016723633,0.010212421417236328,11,8,1.29507|4.91843|5.4465,1.29507|4.91843|5.4465,3,3
500,43,Akt,Raf,1.0,0.5,0.5,0.013704299926757812,0.010925054550170898,0.0|1.0,0.0|1.0,2,2,0.571400948332085,0.571400948332085,0.009523868560791016,0.007748842239379883,11,4,-0.11883|1.02397,-0.11883|1.02397,2,2
500,44,Akt,Mek,1.0,0.5,0.5,0.008194446563720703,0.007897377014160156,0.0|1.0,0.0|1.0,2,2,0.5453270487947273,0.5453270487947273,0.00909280776977539,0.0072591304779052734,11,3,-0.01435|0.92369,-0.01435|0.92369,2,2
500,45,Erk,PKC,5.0,1.3333333333333333,1.3333333333333333,0.007671356201171875,0.008247852325439453,1.5|5.0|5.5,1.5|5.0|5.5,3,3,1.3478930483966292,1.3478930483966292,0.010311603546142578,0.010652303695678711,11,8,1.69433|5.16973|5.56828,1.69433|5.16973|5.56828,3,3
500,46,Akt,Mek,1.0,0.5,0.5,0.007823467254638672,0.009301185607910156,0.0|1.0,0.0|1.0,2,2,0.5572365598293412,0.5572365598293412,0.012705087661743164,0.015985965728759766,11,3,-0.06873|1.04574,-0.06873|1.04574,2,2
500,47,Akt,Mek,1.0,0.5,0.5,0.012951135635375977,0.010124683380126953,0.0|1.0,0.0|1.0,2,2,0.488141982367515,0.488141982367515,0.008748292922973633,0.007860422134399414,11,3,0.088|0.93571,0.088|0.93571,2,2
500,48,Akt,Mek,1.0,0.5,0.5,0.017906904220581055,0.008765459060668945,0.0|1.0,0.0|1.0,2,2,0.48978532747826475,0.48978532747826475,0.008895635604858398,0.006621122360229492,11,3,0.02723|1.0068,0.02723|1.0068,2,2
500,49,Akt,Raf,1.0,0.5,0.5,0.008216142654418945,0.008065223693847656,0.0|1.0,0.0|1.0,2,2,0.5108202505385346,0.5108202505385346,0.009322643280029297,0.0067653656005859375,11,4,-0.00924|1.0124,-0.00924|1.0124,2,2
1000,0,Akt,Raf,1.0,0.5,0.5,0.009161233901977539,0.0076448917388916016,0.0|1.0,0.0|1.0,2,2,0.47533183324013123,0.47533183324013123,0.009318828582763672,0.008968353271484375,11,4,0.10736|1.05803,0.10736|1.05803,2,2
1000,1,Akt,Raf,1.0,0.5,0.5,0.009227514266967773,0.010084152221679688,0.0|1.0,0.0|1.0,2,2,0.4992152382577891,0.4992152382577891,0.0075969696044921875,0.007859945297241211,11,4,0.00169|0.99988,0.00169|0.99988,2,2
1000,2,Akt,Mek,1.0,0.5,0.5,0.009672403335571289,0.008619546890258789,0.0|1.0,0.0|1.0,2,2,0.5477531402094566,0.5477531402094566,0.009335756301879883,0.007135868072509766,11,3,-0.05987|1.03564,-0.05987|1.03564,2,2
1000,3,Akt,Raf,1.0,0.5,0.5,0.009220123291015625,0.008987188339233398,0.0|1.0,0.0|1.0,2,2,0.5378897558458551,0.5378897558458551,0.008327245712280273,0.007462978363037109,11,4,-0.01658|0.9408,-0.01658|0.9408,2,2
1000,4,Erk,Raf,1.0,0.3333333333333333,0.5,0.008506059646606445,0.0066220760345458984,0.0|1.0,0.0|1.0,2,2,0.34007526389543513,0.5018924837345579,0.007802009582519531,0.0061109066009521484,11,3,-0.00109|1.00269|1.01644,-0.00109|1.00269,3,2
1000,5,Akt,Raf,1.0,0.5,0.5,0.014383077621459961,0.008938074111938477,0.0|1.0,0.0|1.0,2,2,0.5102508413996101,0.5102508413996101,0.008275270462036133,0.0068590641021728516,11,4,-0.01401|1.0065,-0.01401|1.0065,2,2
1000,6,Erk,Raf,1.0,0.3333333333333333,0.5,0.011438369750976562,0.006950855255126953,0.0|1.0,0.0|1.0,2,2,0.39830593909133727,0.5707485881647147,0.012279033660888672,0.007130622863769531,11,3,-0.10552|1.03598|1.05342,-0.10552|1.03598,3,2
1000,7,Erk,Raf,1.0,0.3333333333333333,0.5,0.009191274642944336,0.00661468505859375,0.0|1.0,0.0|1.0,2,2,0.3641952523319327,0.5081182407738749,0.008527994155883789,0.007091522216796875,11,3,0.00231|0.92365|0.98145,0.00231|0.98145,3,2
1000,8,Akt,Raf,1.0,0.5,0.5,0.010115861892700195,0.008533239364624023,0.0|1.0,0.0|1.0,2,2,0.5459433195281211,0.5459433195281211,0.009823083877563477,0.0075016021728515625,11,4,-0.03983|1.05206,-0.03983|1.05206,2,2
1000,9,Akt,Raf,1.0,0.5,0.5,0.014241218566894531,0.007844924926757812,0.0|1.0,0.0|1.0,2,2,0.447916804442013,0.447916804442013,0.0077092647552490234,0.008006095886230469,11,4,0.13985|1.03569,0.13985|1.03569,2,2
1000,10,Akt,PKC,6.0,2.5,2.5,0.009394168853759766,0.010900735855102539,1.0|6.0,1.0|6.0,2,2,2.9242956311586883,2.9242956311586883,0.008716106414794922,0.01015782356262207,11,8,0.52616|5.62525,0.52616|5.62525,2,2
1000,11,Erk,PKC,5.0,1.3333333333333333,1.3333333333333333,0.009337425231933594,0.009204626083374023,1.5|5.0|5.5,1.5|5.0|5.5,3,3,1.2739015058321268,1.2739015058321268,0.008085012435913086,0.009723663330078125,11,8,1.71636|4.94496|5.48303,1.71636|4.94496|5.48303,3,3
1000,12,Erk,PKC,5.0,1.3333333333333333,1.3333333333333333,0.009483814239501953,0.011692047119140625,1.5|5.0|5.5,1.5|5.0|5.5,3,3,1.3461672121247268,1.3461672121247268,0.00909113883972168,0.010590076446533203,11,8,1.62274|4.792|5.45325,1.62274|4.792|5.45325,3,3
1000,13,Akt,PKC,6.0,2.5,2.5,0.009518146514892578,0.009447813034057617,1.0|6.0,1.0|6.0,2,2,2.6871808996188964,2.6871808996188964,0.007814168930053711,0.007704973220825195,11,8,0.73004|6.1044,0.73004|6.1044,2,2
1000,14,Erk,Raf,1.0,0.3333333333333333,0.5,0.009623527526855469,0.008380889892578125,0.0|1.0,0.0|1.0,2,2,0.33453744371604155,0.5017438353303529,0.016306638717651367,0.006742000579833984,11,3,0.01073|0.99988|1.01422,0.01073|1.01422,3,2
1000,15,Akt,Mek,1.0,0.5,0.5,0.010885238647460938,0.007869958877563477,0.0|1.0,0.0|1.0,2,2,0.5026807810230831,0.5026807810230831,0.010703086853027344,0.007040977478027344,11,3,0.09961|1.10498,0.09961|1.10498,2,2
1000,16,Akt,PKC,6.0,2.5,2.5,0.008421182632446289,0.009831666946411133,1.0|6.0,1.0|6.0,2,2,2.8337042122930587,2.8337042122930587,0.008122682571411133,0.009626626968383789,11,8,0.67934|5.65325,0.67934|5.65325,2,2
1000,17,Erk,PKC,5.0,1.3333333333333333,1.3333333333333333,0.011010885238647461,0.009804725646972656,1.5|5.0|5.5,1.5|5.0|5.5,3,3,1.4541959060254144,1.4541959060254144,0.009928464889526367,0.009386777877807617,11,8,1.34149|5.19588|5.50819,1.34149|5.19588|5.50819,3,3
1000,18,Akt,Raf,1.0,0.5,0.5,0.009050846099853516,0.007775545120239258,0.0|1.0,0.0|1.0,2,2,0.5256847320462215,0.5256847320462215,0.008465766906738281,0.006601572036743164,11,4,0.03204|1.08341,0.03204|1.08341,2,2
1000,19,Akt,PKC,6.0,2.5,2.5,0.013564348220825195,0.010191679000854492,1.0|6.0,1.0|6.0,2,2,2.6941356317187166,2.6941356317187166,0.008529901504516602,0.009257316589355469,11,8,0.72821|6.11648,0.72821|6.11648,2,2
1000,20,Akt,Raf,1.0,0.5,0.5,0.008400678634643555,0.00754094123840332,0.0|1.0,0.0|1.0,2,2,0.5338255256520862,0.5338255256520862,0.014199972152709961,0.007282257080078125,11,4,0.05869|1.12634,0.05869|1.12634,2,2
1000,21,Erk,Raf,1.0,0.3333333333333333,0.5,0.009448766708374023,0.01069188117980957,0.0|1.0,0.0|1.0,2,2,0.3414082642384684,0.4837381162707738,0.007628440856933594,0.005866527557373047,11,3,0.06258|1.03005|1.05675,0.06258|1.03005,3,2
1000,22,Erk,PKC,5.0,1.3333333333333333,1.3333333333333333,0.008861303329467773,0.010295391082763672,1.5|5.0|5.5,1.5|5.0|5.5,3,3,1.3689191268483951,1.3689191268483951,0.007544279098510742,0.008432865142822266,11,8,1.49747|4.87491|5.47914,1.49747|4.87491|5.47914,3,3
1000,23,Erk,Raf,1.0,0.3333333333333333,0.5,0.014932632446289062,0.0074689388275146484,0.0|1.0,0.0|1.0,2,2,0.3254315670075042,0.48638471144962075,0.007867574691772461,0.006365537643432617,11,3,0.03273|0.99647|1.0055,0.03273|1.0055,3,2
1000,24,Akt,PKC,6.0,2.5,2.5,0.010402441024780273,0.01147007942199707,1.0|6.0,1.0|6.0,2,2,2.815319158148085,2.815319158148085,0.015494346618652344,0.009326457977294922,11,8,0.53454|6.16518,0.53454|6.16518,2,2
1000,25,Akt,Raf,1.0,0.5,0.5,0.008760690689086914,0.006873130798339844,0.0|1.0,0.0|1.0,2,2,0.5750257444150472,0.5750257444150472,0.007735490798950195,0.007822751998901367,11,4,-0.12416|0.9741,-0.12416|0.9741,2,2
1000,26,Akt,Raf,1.0,0.5,0.5,0.009870290756225586,0.010362386703491211,0.0|1.0,0.0|1.0,2,2,0.525390907670237,0.525390907670237,0.010921478271484375,0.009186267852783203,11,4,-0.0445|0.99372,-0.0445|0.99372,2,2
1000,27,Akt,PKC,6.0,2.5,2.5,0.00941157341003418,0.01795673370361328,1.0|6.0,1.0|6.0,2,2,2.792219316171359,2.792219316171359,0.010035276412963867,0.013722419738769531,11,8,0.60497|6.18941,0.60497|6.18941,2,2
1000,28,Erk,Raf,1.0,0.3333333333333333,0.5,0.013375282287597656,0.012243032455444336,0.0|1.0,0.0|1.0,2,2,0.3698240832197904,0.5229799432082376,0.016210556030273438,0.009518861770629883,11,3,-0.02717|0.93649|0.98121,-0.02717|0.98121,3,2
1000,29,Akt,PKC,6.0,2.5,2.5,0.008213043212890625,0.010269403457641602,1.0|6.0,1.0|6.0,2,2,2.5428935089059674,2.5428935089059674,0.009833812713623047,0.012100696563720703,11,8,1.06076|6.14655,1.06076|6.14655,2,2
1000,30,Akt,PKC,6.0,2.5,2.5,0.009435176849365234,0.012005090713500977,1.0|6.0,1.0|6.0,2,2,2.497317459923194,2.497317459923194,0.008533477783203125,0.010794878005981445,11,8,1.11657|6.1112,1.11657|6.1112,2,2
1000,31,Akt,Raf,1.0,0.5,0.5,0.009058237075805664,0.009400129318237305,0.0|1.0,0.0|1.0,2,2,0.5491036119712046,0.5491036119712046,0.009837627410888672,0.007348299026489258,11,4,-0.08002|1.01819,-0.08002|1.01819,2,2
1000,32,Akt,Raf,1.0,0.5,0.5,0.009873390197753906,0.0076253414154052734,0.0|1.0,0.0|1.0,2,2,0.5467892821442961,0.5467892821442961,0.008297443389892578,0.00626373291015625,11,4,-0.0696|1.02397,-0.0696|1.02397,2,2
1000,33,Akt,Raf,1.0,0.5,0.5,0.008386373519897461,0.01630234718322754,0.0|1.0,0.0|1.0,2,2,0.49631593196847373,0.49631593196847373,0.007181406021118164,0.008760213851928711,11,4,0.01065|1.00329,0.01065|1.00329,2,2
1000,34,Erk,PKC,5.0,1.3333333333333333,1.3333333333333333,0.018207311630249023,0.009107589721679688,1.5|5.0|5.5,1.5|5.0|5.5,3,3,1.3498715906120584,1.3498715906120584,0.010769367218017578,0.011934757232666016,11,8,1.58094|5.09151|5.53905,1.58094|5.09151|5.53905,3,3
1000,35,Akt,Raf,1.0,0.5,0.5,0.008925437927246094,0.0075528621673583984,0.0|1.0,0.0|1.0,2,2,0.5229403593673257,0.5229403593673257,0.016713380813598633,0.010081768035888672,11,4,-0.04304|1.00284,-0.04304|1.00284,2,2
1000,36,Erk,PKC,5.0,1.3333333333333333,1.3333333333333333,0.00940847396850586,0.008836507797241211,1.5|5.0|5.5,1.5|5.0|5.5,3,3,1.2617443614698025,1.2617443614698025,0.007999420166015625,0.011449813842773438,11,8,1.92675|5.16211|5.54988,1.92675|5.16211|5.54988,3,3
1000,37,Erk,Raf,1.0,0.3333333333333333,0.5,0.00971841812133789,0.008250951766967773,0.0|1.0,0.0|1.0,2,2,0.38107087401546763,0.5339239071782345,0.008644580841064453,0.0072214603424072266,11,3,-0.03706|0.92464|0.96921,-0.03706|0.96921,3,2
1000,38,Akt,Raf,1.0,0.5,0.5,0.008219242095947266,0.008177518844604492,0.0|1.0,0.0|1.0,2,2,0.49443849648303045,0.49443849648303045,0.008984565734863281,0.009441852569580078,11,4,0.02202|1.0109,0.02202|1.0109,2,2
1000,39,Akt,Raf,1.0,0.5,0.5,0.009507417678833008,0.011813640594482422,0.0|1.0,0.0|1.0,2,2,0.5623795581178209,0.5623795581178209,0.010184764862060547,0.008955955505371094,11,4,-0.07456|0.9498,-0.07456|0.9498,2,2
1000,40,Akt,PKC,6.0,2.5,2.5,0.00800323486328125,0.009852409362792969,1.0|6.0,1.0|6.0,2,2,2.3829708068360818,2.3829708068360818,0.007556438446044922,0.008699178695678711,11,8,1.25769|6.02364,1.25769|6.02364,2,2
1000,41,Akt,Mek,1.0,0.5,0.5,0.010451793670654297,0.009225130081176758,0.0|1.0,0.0|1.0,2,2,0.4274795411826666,0.4274795411826666,0.008866548538208008,0.007882356643676758,11,3,0.17606|1.03102,0.17606|1.03102,2,2
1000,42,Akt,PKC,6.0,2.5,2.5,0.009790420532226562,0.011677980422973633,1.0|6.0,1.0|6.0,2,2,2.617479072374917,2.617479072374917,0.012258052825927734,0.009057998657226562,11,8,1.13566|6.37061,1.13566|6.37061,2,2
1000,43,Akt,Raf,1.0,0.5,0.5,0.012222766876220703,0.009419918060302734,0.0|1.0,0.0|1.0,2,2,0.5605682473826039,0.5605682473826039,0.009353160858154297,0.009027242660522461,11,4,-0.11604|0.99491,-0.11604|0.99491,2,2
1000,44,Erk,PKC,5.0,1.3333333333333333,1.3333333333333333,0.008951425552368164,0.011729955673217773,1.5|5.0|5.5,1.5|5.0|5.5,3,3,1.3005424388909057,1.3005424388909057,0.008779048919677734,0.010168313980102539,11,8,1.61492|4.93844|5.45499,1.61492|4.93844|5.45499,3,3
1000,45,Akt,Mek,1.0,0.5,0.5,0.01607489585876465,0.0068399906158447266,0.0|1.0,0.0|1.0,2,2,0.49853326728919944,0.49853326728919944,0.009105205535888672,0.0071315765380859375,11,3,0.07152|0.93141,0.07152|0.93141,2,2
1000,46,Akt,PKC,6.0,2.5,2.5,0.00885152816772461,0.009251117706298828,1.0|6.0,1.0|6.0,2,2,2.5718733792652526,2.5718733792652526,0.010080814361572266,0.009111881256103516,11,8,0.97891|6.12265,0.97891|6.12265,2,2
1000,47,Erk,Raf,1.0,0.3333333333333333,0.5,0.008055686950683594,0.0074310302734375,0.0|1.0,0.0|1.0,2,2,0.37841999207520133,0.5419418848204215,0.007042407989501953,0.006790876388549805,11,3,-0.08051|0.94862|0.99662,-0.08051|0.99662,3,2
1000,48,Erk,Raf,1.0,0.3333333333333333,0.5,0.011456489562988281,0.009405851364135742,0.0|1.0,0.0|1.0,2,2,0.3499466273881245,0.5075172191057375,0.009493112564086914,0.007055997848510742,11,3,0.00302|1.01805|1.03481,0.00302|1.01805,3,2
1000,49,Erk,Raf,1.0,0.3333333333333333,0.5,0.010601043701171875,0.009760141372680664,0.0|1.0,0.0|1.0,2,2,0.37183278409285664,0.541805163184439,0.009739875793457031,0.006722211837768555,11,3,-0.06974|0.96811|1.01387,-0.06974|1.01387,3,2
2500,0,Akt,Mek,1.0,0.5,0.5,0.00824737548828125,0.006047487258911133,0.0|1.0,0.0|1.0,2,2,0.5079198881825009,0.5079198881825009,0.00697636604309082,0.005942106246948242,11,3,-0.009|0.99316,-0.009|0.99316,2,2
2500,1,Akt,Mek,1.0,0.5,0.5,0.008032560348510742,0.006531238555908203,0.0|1.0,0.0|1.0,2,2,0.4702226074438367,0.4702226074438367,0.008760929107666016,0.00653386116027832,11,3,0.08021|1.02066,0.08021|1.02066,2,2
2500,2,Akt,PKC,6.0,2.5,2.5,0.010055303573608398,0.011988162994384766,1.0|6.0,1.0|6.0,2,2,2.5469928174855334,2.5469928174855334,0.008115291595458984,0.009673595428466797,11,8,1.05337|5.85264,1.05337|5.85264,2,2
2500,3,Akt,PKC,6.0,2.5,2.5,0.014409065246582031,0.011284828186035156,1.0|6.0,1.0|6.0,2,2,2.499216325320128,2.499216325320128,0.010249614715576172,0.008973121643066406,11,8,1.03121|6.02964,1.03121|6.02964,2,2
2500,4,Akt,Raf,1.0,0.5,0.5,0.010882377624511719,0.008615493774414062,0.0|1.0,0.0|1.0,2,2,0.5561412692712918,0.5561412692712918,0.00964808464050293,0.00797581672668457,11,4,-0.11013|0.99785,-0.11013|0.99785,2,2
2500,5,Akt,PKC,6.0,2.5,2.5,0.008173465728759766,0.01720142364501953,1.0|6.0,1.0|6.0,2,2,2.442586041912964,2.442586041912964,0.007728099822998047,0.009689092636108398,11,8,1.2441|6.12927,1.2441|6.12927,2,2
2500,6,Erk,Raf,1.0,0.3333333333333333,0.5,0.009223699569702148,0.0065042972564697266,0.0|1.0,0.0|1.0,2,2,0.37436861882979705,0.5419350966333063,0.008461952209472656,0.0072536468505859375,11,3,-0.04953|0.96076|0.96566,-0.04953|0.96566,3,2
2500,7,Akt,Raf,1.0,0.5,0.5,0.007285356521606445,0.007535219192504883,0.0|1.0,0.0|1.0,2,2,0.4743625364066853,0.4743625364066853,0.00693964958190918,0.006474018096923828,11,4,0.07104|0.98023,0.07104|0.98023,2,2
2500,8,Erk,Raf,1.0,0.3333333333333333,0.5,0.00719451904296875,0.006128549575805664,0.0|1.0,0.0|1.0,2,2,0.3377574384281828,0.5027736165239753,0.006363630294799805,0.007015705108642578,11,3,-0.0043|0.99875|1.00773,-0.0043|0.99875,3,2
2500,9,Erk,Raf,1.0,0.3333333333333333,0.5,0.0073430538177490234,0.005538463592529297,0.0|1.0,0.0|1.0,2,2,0.3277884130148099,0.48127667062929624,0.006145000457763672,0.008249044418334961,11,3,0.0595|1.02081|1.02205,0.0595|1.02205,3,2
2500,10,Akt,Raf,1.0,0.5,0.5,0.00629115104675293,0.0056345462799072266,0.0|1.0,0.0|1.0,2,2,0.4935991849670141,0.4935991849670141,0.0070803165435791016,0.008460044860839844,11,4,0.02648|0.98632,0.02648|0.98632,2,2
2500,11,Akt,Raf,1.0,0.5,0.5,0.007359743118286133,0.007320880889892578,0.0|1.0,0.0|1.0,2,2,0.504619216279187,0.504619216279187,0.007227420806884766,0.005880117416381836,11,4,0.02214|1.03138,0.02214|1.03138,2,2
2500,12,Akt,Mek,1.0,0.5,0.5,0.008423566818237305,0.007000923156738281,0.0|1.0,0.0|1.0,2,2,0.5474972131360422,0.5474972131360422,0.007861614227294922,0.005897045135498047,11,3,-0.07863|0.98364,-0.07863|0.98364,2,2
2500,13,Akt,PKC,6.0,2.5,2.5,0.008777379989624023,0.008510351181030273,1.0|6.0,1.0|6.0,2,2,2.51287209806547,2.51287209806547,0.008971214294433594,0.00821232795715332,11,8,1.27059|6.29633,1.27059|6.29633,2,2
2500,14,Erk,PKC,5.0,1.3333333333333333,1.3333333333333333,0.008375167846679688,0.016780853271484375,1.5|5.0|5.5,1.5|5.0|5.5,3,3,1.4142053367631877,1.4142053367631877,0.015234947204589844,0.009696245193481445,11,8,1.28079|4.91371|5.43711,1.28079|4.91371|5.43711,3,3
2500,15,Erk,Raf,1.0,0.3333333333333333,0.5,0.009720325469970703,0.007742643356323242,0.0|1.0,0.0|1.0,2,2,0.34233734504615515,0.5062068824830417,0.012946844100952148,0.006278514862060547,11,3,-0.01081|0.9984|1.0146,-0.01081|0.9984,3,2
2500,16,Akt,PKC,6.0,2.5,2.5,0.010149240493774414,0.009562492370605469,1.0|6.0,1.0|6.0,2,2,2.4897816290334984,2.4897816290334984,0.01028132438659668,0.00966501235961914,11,8,1.12591|6.10547,1.12591|6.10547,2,2
2500,17,Erk,PKC,5.0,1.3333333333333333,1.3333333333333333,0.00818181037902832,0.011563777923583984,1.5|5.0|5.5,1.5|5.0|5.5,3,3,1.3163989528969402,1.3163989528969402,0.007691383361816406,0.01131296157836914,11,8,1.52691|4.96435|5.44046,1.52691|4.96435|5.44046,3,3
2500,18,Erk,PKC,5.0,1.3333333333333333,1.3333333333333333,0.010144948959350586,0.013979673385620117,1.5|5.0|5.5,1.5|5.0|5.5,3,3,1.408169857661938,1.408169857661938,0.01128840446472168,0.009391307830810547,11,8,1.32128|4.89576|5.44155,1.32128|4.89576|5.44155,3,3
2500,19,Akt,Mek,1.0,0.5,0.5,0.009412765502929688,0.006145000457763672,0.0|1.0,0.0|1.0,2,2,0.5075343104815436,0.5075343104815436,0.008282661437988281,0.006266593933105469,11,3,-0.01243|1.00264,-0.01243|1.00264,2,2
2500,20,Erk,PKC,5.0,1.3333333333333333,1.3333333333333333,0.008832216262817383,0.010318756103515625,1.5|5.0|5.5,1.5|5.0|5.5,3,3,1.3873898338297275,1.3873898338297275,0.007551670074462891,0.013957500457763672,11,8,1.50915|5.136|5.53532,1.50915|5.136|5.53532,3,3
2500,21,Akt,Mek,1.0,0.5,0.5,0.008921146392822266,0.006516933441162109,0.0|1.0,0.0|1.0,2,2,0.5238437936405809,0.5238437936405809,0.008299827575683594,0.008868217468261719,11,3,-0.02905|1.01864,-0.02905|1.01864,2,2
2500,22,Akt,PKC,6.0,2.5,2.5,0.008938789367675781,0.00893402099609375,1.0|6.0,1.0|6.0,2,2,2.5398082848973136,2.5398082848973136,0.008068084716796875,0.009020090103149414,11,8,0.9323|6.01192,0.9323|6.01192,2,2
2500,23,Akt,Raf,1.0,0.5,0.5,0.009363412857055664,0.008458852767944336,0.0|1.0,0.0|1.0,2,2,0.45326293907217713,0.45326293907217713,0.015676259994506836,0.006388664245605469,11,4,0.094|0.99947,0.094|0.99947,2,2
2500,24,Akt,Raf,1.0,0.5,0.5,0.008826494216918945,0.0062427520751953125,0.0|1.0,0.0|1.0,2,2,0.5207293643668045,0.5207293643668045,0.007924079895019531,0.005780220031738281,11,4,-0.02423|1.01723,-0.02423|1.01723,2,2
2500,25,Erk,PKC,5.0,1.3333333333333333,1.3333333333333333,0.010211706161499023,0.009613513946533203,1.5|5.0|5.5,1.5|5.0|5.5,3,3,1.4136906127787519,1.4136906127787519,0.008172273635864258,0.012659549713134766,11,8,1.54962|5.24254|5.54816,1.54962|5.24254|5.54816,3,3
2500,26,Akt,Raf,1.0,0.5,0.5,0.011372566223144531,0.0073969364166259766,0.0|1.0,0.0|1.0,2,2,0.5099452861483772,0.5099452861483772,0.008049249649047852,0.00643610954284668,11,4,-0.00921|1.01068,-0.00921|1.01068,2,2
2500,27,Erk,Raf,1.0,0.3333333333333333,0.5,0.008223295211791992,0.010355949401855469,0.0|1.0,0.0|1.0,2,2,0.3313499830461077,0.4897421986052454,0.011415958404541016,0.007428884506225586,11,3,0.02161|0.99891|1.01457,0.02161|0.99891,3,2
2500,28,Erk,PKC,5.0,1.3333333333333333,1.3333333333333333,0.008040189743041992,0.008958101272583008,1.5|5.0|5.5,1.5|5.0|5.5,3,3,1.331265494575978,1.331265494575978,0.010657072067260742,0.011514425277709961,11,8,1.61614|5.08402|5.52592,1.61614|5.08402|5.52592,3,3
2500,29,Erk,PKC,5.0,1.3333333333333333,1.3333333333333333,0.015722274780273438,0.011919498443603516,1.5|5.0|5.5,1.5|5.0|5.5,3,3,1.3825979799653443,1.3825979799653443,0.010371208190917969,0.010289192199707031,11,8,1.63183|5.19172|5.58791,1.63183|5.19172|5.58791,3,3
2500,30,Akt,PKC,6.0,2.5,2.5,0.009470701217651367,0.009364128112792969,1.0|6.0,1.0|6.0,2,2,2.5680679800079793,2.5680679800079793,0.010703325271606445,0.010460853576660156,11,8,0.9019|5.96196,0.9019|5.96196,2,2
2500,31,Akt,Mek,1.0,0.5,0.5,0.011110544204711914,0.0072634220123291016,0.0|1.0,0.0|1.0,2,2,0.5307400299412758,0.5307400299412758,0.007963895797729492,0.007384538650512695,11,3,-0.05253|0.99105,-0.05253|0.99105,2,2
2500,32,Erk,PKC,5.0,1.3333333333333333,1.3333333333333333,0.008407354354858398,0.009110450744628906,1.5|5.0|5.5,1.5|5.0|5.5,3,3,1.3807386429532567,1.3807386429532567,0.009336233139038086,0.010754108428955078,11,8,1.3995|5.07761|5.46411,1.3995|5.07761|5.46411,3,3
2500,33,Akt,PKC,6.0,2.5,2.5,0.007603168487548828,0.00969243049621582,1.0|6.0,1.0|6.0,2,2,2.492065904372542,2.492065904372542,0.008243322372436523,0.009470462799072266,11,8,1.06827|5.9476,1.06827|5.9476,2,2
2500,34,Akt,Mek,1.0,0.5,0.5,0.012454748153686523,0.0075225830078125,0.0|1.0,0.0|1.0,2,2,0.5119870956937013,0.5119870956937013,0.009285688400268555,0.007965326309204102,11,3,-0.00903|0.98506,-0.00903|0.98506,2,2
2500,35,Erk,PKC,5.0,1.3333333333333333,1.3333333333333333,0.008374214172363281,0.010125160217285156,1.5|5.0|5.5,1.5|5.0|5.5,3,3,1.3534741333625,1.3534741333625,0.007659912109375,0.009596586227416992,11,8,1.45805|4.9677|5.48617,1.45805|4.9677|5.48617,3,3
2500,36,Erk,Raf,1.0,0.3333333333333333,0.5,0.008602619171142578,0.007827281951904297,0.0|1.0,0.0|1.0,2,2,0.35280513453154533,0.5220398821639033,0.009267330169677734,0.007036685943603516,11,3,-0.03595|0.98566|0.99187,-0.03595|0.99187,3,2
2500,37,Akt,Mek,1.0,0.5,0.5,0.012037992477416992,0.008122682571411133,0.0|1.0,0.0|1.0,2,2,0.5034889837922503,0.5034889837922503,0.007347583770751953,0.006465435028076172,11,3,0.01016|0.98286,0.01016|0.98286,2,2
2500,38,Erk,Raf,1.0,0.3333333333333333,0.5,0.008873462677001953,0.007453203201293945,0.0|1.0,0.0|1.0,2,2,0.3404981264141366,0.49157614617719875,0.007874250411987305,0.00749969482421875,11,3,0.02912|0.96166|0.98773,0.02912|0.98773,3,2
2500,39,Akt,Raf,1.0,0.5,0.5,0.01308298110961914,0.009557247161865234,0.0|1.0,0.0|1.0,2,2,0.4843197568449744,0.4843197568449744,0.00838327407836914,0.009135961532592773,11,4,0.03513|0.99623,0.03513|0.99623,2,2
2500,40,Akt,PKC,6.0,2.5,2.5,0.00937962532043457,0.01439523696899414,1.0|6.0,1.0|6.0,2,2,2.56700280464666,2.56700280464666,0.008041620254516602,0.010512351989746094,11,8,0.9466|6.08061,0.9466|6.08061,2,2
2500,41,Akt,Mek,1.0,0.5,0.5,0.014563798904418945,0.012361764907836914,0.0|1.0,0.0|1.0,2,2,0.48536600113025413,0.48536600113025413,0.010426998138427734,0.011122941970825195,11,3,0.05171|1.02244,0.05171|1.02244,2,2
2500,42,Akt,Mek,1.0,0.5,0.5,0.009727001190185547,0.007371425628662109,0.0|1.0,0.0|1.0,2,2,0.4969894646675798,0.4969894646675798,0.007469892501831055,0.006398200988769531,11,3,0.01667|0.98935,0.01667|0.98935,2,2
2500,43,Akt,Mek,1.0,0.5,0.5,0.008653402328491211,0.010035991668701172,0.0|1.0,0.0|1.0,2,2,0.5642506424860096,0.5642506424860096,0.0072917938232421875,0.008087158203125,11,3,-0.08727|1.04124,-0.08727|1.04124,2,2
2500,44,Akt,Mek,1.0,0.5,0.5,0.008832693099975586,0.007082939147949219,0.0|1.0,0.0|1.0,2,2,0.4508733877746762,0.4508733877746762,0.008711814880371094,0.007091522216796875,11,3,0.0999|0.99835,0.0999|0.99835,2,2
2500,45,Erk,PKC,5.0,1.3333333333333333,1.3333333333333333,0.008230924606323242,0.009622573852539062,1.5|5.0|5.5,1.5|5.0|5.5,3,3,1.318450718555023,1.318450718555023,0.007651090621948242,0.009837150573730469,11,8,1.60002|5.05963|5.49573,1.60002|5.05963|5.49573,3,3
2500,46,Erk,Raf,1.0,0.3333333333333333,0.5,0.010389089584350586,0.008286714553833008,0.0|1.0,0.0|1.0,2,2,0.35975483602203545,0.5053413743477118,0.008884906768798828,0.0074405670166015625,11,3,0.01779|1.02847|1.06858,0.01779|1.02847,3,2
2500,47,Akt,Mek,1.0,0.5,0.5,0.008537769317626953,0.007100105285644531,0.0|1.0,0.0|1.0,2,2,0.5423005973408761,0.5423005973408761,0.007181882858276367,0.006907463073730469,11,3,-0.06612|0.98152,-0.06612|0.98152,2,2
2500,48,Akt,PKC,6.0,2.5,2.5,0.00937342643737793,0.01690816879272461,1.0|6.0,1.0|6.0,2,2,2.6095930618814047,2.6095930618814047,0.007791757583618164,0.009742498397827148,11,8,0.98172|6.20091,0.98172|6.20091,2,2
2500,49,Akt,Mek,1.0,0.5,0.5,0.008100509643554688,0.010266304016113281,0.0|1.0,0.0|1.0,2,2,0.4691938485573982,0.4691938485573982,0.010919570922851562,0.007360935211181641,11,3,0.06551|1.0039,0.06551|1.0039,2,2
5000,0,Akt,PKC,6.0,2.5,2.5,0.00810861587524414,0.014062166213989258,1.0|6.0,1.0|6.0,2,2,2.5717199680905627,2.5717199680905627,0.009383916854858398,0.010003089904785156,11,8,0.90114|6.04458,0.90114|6.04458,2,2
5000,1,Erk,Raf,1.0,0.3333333333333333,0.5,0.009128332138061523,0.00655674934387207,0.0|1.0,0.0|1.0,2,2,0.32832349499024066,0.4814780721478036,0.0077936649322509766,0.0057947635650634766,11,3,0.03944|0.97799|0.9976,0.03944|0.9976,3,2
5000,2,Erk,PKC,5.0,1.3333333333333333,1.3333333333333333,0.008546590805053711,0.009828329086303711,1.5|5.0|5.5,1.5|5.0|5.5,3,3,1.324121028902841,1.324121028902841,0.008044242858886719,0.009393930435180664,11,8,1.52892|4.99838|5.49967,1.52892|4.99838|5.49967,3,3
5000,3,Akt,Mek,1.0,0.5,0.5,0.008226156234741211,0.0071718692779541016,0.0|1.0,0.0|1.0,2,2,0.4967375259652585,0.4967375259652585,0.007308244705200195,0.006548166275024414,11,3,0.02317|1.01664,0.02317|1.01664,2,2
5000,4,Erk,Raf,1.0,0.3333333333333333,0.5,0.008748054504394531,0.006623268127441406,0.0|1.0,0.0|1.0,2,2,0.33788327312317,0.5026002254901648,0.00759577751159668,0.008035659790039062,11,3,-0.00333|0.99155|0.99813,-0.00333|0.99813,3,2
5000,5,Erk,Raf,1.0,0.3333333333333333,0.5,0.011578798294067383,0.007897138595581055,0.0|1.0,0.0|1.0,2,2,0.3416658459276178,0.49846484632212495,0.008924722671508789,0.006833314895629883,11,3,0.02079|1.01772|1.02807,0.02079|1.01772,3,2
5000,6,Akt,Raf,1.0,0.5,0.5,0.0102081298828125,0.007285118103027344,0.0|1.0,0.0|1.0,2,2,0.5018282297407317,0.5018282297407317,0.008052825927734375,0.007063150405883789,11,4,0.00037|0.99597,0.00037|0.99597,2,2
5000,7,Akt,Raf,1.0,0.5,0.5,0.010680913925170898,0.011527299880981445,0.0|1.0,0.0|1.0,2,2,0.51156889954184,0.51156889954184,0.008645296096801758,0.008831977844238281,11,4,0.00278|0.97409,0.00278|0.97409,2,2
5000,8,Erk,PKC,5.0,1.3333333333333333,1.3333333333333333,0.008372068405151367,0.00973653793334961,1.5|5.0|5.5,1.5|5.0|5.5,3,3,1.345100463656965,1.345100463656965,0.008538484573364258,0.008936882019042969,11,8,1.51303|5.01555|5.53279,1.51303|5.01555|5.53279,3,3
5000,9,Akt,PKC,6.0,2.5,2.5,0.008246183395385742,0.010119915008544922,1.0|6.0,1.0|6.0,2,2,2.4715972222103555,2.4715972222103555,0.010005474090576172,0.009136438369750977,11,8,1.09591|6.03911,1.09591|6.03911,2,2
5000,10,Erk,Raf,1.0,0.3333333333333333,0.5,0.008314847946166992,0.007427215576171875,0.0|1.0,0.0|1.0,2,2,0.33951439353761775,0.5033532092202395,0.013920307159423828,0.0059545040130615234,11,3,0.00408|1.01079|1.01184,0.00408|1.01079,3,2
5000,11,Akt,Mek,1.0,0.5,0.5,0.010342836380004883,0.0088653564453125,0.0|1.0,0.0|1.0,2,2,0.5082655942335875,0.5082655942335875,0.007633209228515625,0.007543087005615234,11,3,-0.0046|0.98806,-0.0046|0.98806,2,2
5000,12,Akt,Mek,1.0,0.5,0.5,0.008494377136230469,0.009270906448364258,0.0|1.0,0.0|1.0,2,2,0.4874581817753169,0.4874581817753169,0.008598089218139648,0.0073680877685546875,11,3,0.04947|1.02439,0.04947|1.02439,2,2
5000,13,Akt,PKC,6.0,2.5,2.5,0.011077642440795898,0.009710550308227539,1.0|6.0,1.0|6.0,2,2,2.4978375458450657,2.4978375458450657,0.007655620574951172,0.008062601089477539,11,8,1.04435|6.04003,1.04435|6.04003,2,2
5000,14,Akt,Mek,1.0,0.5,0.5,0.011032581329345703,0.007467508316040039,0.0|1.0,0.0|1.0,2,2,0.46752834051908343,0.46752834051908343,0.007840156555175781,0.006457328796386719,11,3,0.0711|1.00616,0.0711|1.00616,2,2
5000,15,Erk,Raf,1.0,0.3333333333333333,0.5,0.008339881896972656,0.006973981857299805,0.0|1.0,0.0|1.0,2,2,0.3518527674369374,0.5114294766727485,0.007361888885498047,0.010588884353637695,11,3,-0.01692|0.9673|0.99406,-0.01692|0.99406,3,2
5000,16,Erk,PKC,5.0,1.3333333333333333,1.3333333333333333,0.01178741455078125,0.01311802864074707,1.5|5.0|5.5,1.5|5.0|5.5,3,3,1.383785673365442,1.383785673365442,0.011742830276489258,0.011171579360961914,11,8,1.43663|5.08077|5.50722,1.43663|5.08077|5.50722,3,3
5000,17,Erk,Raf,1.0,0.3333333333333333,0.5,0.008318662643432617,0.013068675994873047,0.0|1.0,0.0|1.0,2,2,0.3446018060119284,0.5147493642703725,0.010942459106445312,0.008134603500366211,11,3,-0.02451|0.99502|1.00431,-0.02451|0.99502,3,2
5000,18,Akt,PKC,6.0,2.5,2.5,0.009146690368652344,0.011120319366455078,1.0|6.0,1.0|6.0,2,2,2.6580384609109755,2.6580384609109755,0.008482694625854492,0.010735273361206055,11,8,0.77141|5.91251,0.77141|5.91251,2,2
5000,19,Akt,PKC,6.0,2.5,2.5,0.013757467269897461,0.01030278205871582,1.0|6.0,1.0|6.0,2,2,2.5902363280766023,2.5902363280766023,0.010010242462158203,0.00789499282836914,11,8,0.90251|5.91702,0.90251|5.91702,2,2
5000,20,Akt,Raf,1.0,0.5,0.5,0.008207321166992188,0.007317066192626953,0.0|1.0,0.0|1.0,2,2,0.528341206110314,0.528341206110314,0.008538007736206055,0.007505178451538086,11,4,-0.04662|1.01006,-0.04662|1.01006,2,2
5000,21,Erk,PKC,5.0,1.3333333333333333,1.3333333333333333,0.014822006225585938,0.011869668960571289,1.5|5.0|5.5,1.5|5.0|5.5,3,3,1.373635850198846,1.373635850198846,0.007926225662231445,0.011055946350097656,11,8,1.48225|5.09635|5.50681,1.48225|5.09635|5.50681,3,3
5000,22,Erk,PKC,5.0,1.3333333333333333,1.3333333333333333,0.009053707122802734,0.013087987899780273,1.5|5.0|5.5,1.5|5.0|5.5,3,3,1.3549899726995063,1.3549899726995063,0.011951446533203125,0.009163856506347656,11,8,1.52305|5.07469|5.51333,1.52305|5.07469|5.51333,3,3
5000,23,Erk,Raf,1.0,0.3333333333333333,0.5,0.009027719497680664,0.005975484848022461,0.0|1.0,0.0|1.0,2,2,0.32790171879656443,0.4875348332481315,0.008072614669799805,0.006171226501464844,11,3,0.03118|0.99136|0.99375,0.03118|0.99375,3,2
5000,24,Akt,Raf,1.0,0.5,0.5,0.009373664855957031,0.00805807113647461,0.0|1.0,0.0|1.0,2,2,0.5167342248312192,0.5167342248312192,0.008611202239990234,0.006266593933105469,11,4,-0.01862|1.01485,-0.01862|1.01485,2,2
5000,25,Akt,Raf,1.0,0.5,0.5,0.008344173431396484,0.0076978206634521484,0.0|1.0,0.0|1.0,2,2,0.5109744204301292,0.5109744204301292,0.007068157196044922,0.006129264831542969,11,4,-0.01601|1.00594,-0.01601|1.00594,2,2
5000,26,Akt,Mek,1.0,0.5,0.5,0.012935161590576172,0.010195493698120117,0.0|1.0,0.0|1.0,2,2,0.4919318436206321,0.4919318436206321,0.00899958610534668,0.007662534713745117,11,3,0.04642|0.96971,0.04642|0.96971,2,2
5000,27,Erk,Raf,1.0,0.3333333333333333,0.5,0.010687112808227539,0.008478164672851562,0.0|1.0,0.0|1.0,2,2,0.35356541591028584,0.5167325884186865,0.009216070175170898,0.006055593490600586,11,3,-0.03203|1.00144|1.02723,-0.03203|1.00144,3,2
5000,28,Akt,Mek,1.0,0.5,0.5,0.007756710052490234,0.0074613094329833984,0.0|1.0,0.0|1.0,2,2,0.5190540816249332,0.5190540816249332,0.018477678298950195,0.006523847579956055,11,3,-0.00317|0.96506,-0.00317|0.96506,2,2
5000,29,Akt,PKC,6.0,2.5,2.5,0.009201526641845703,0.011533498764038086,1.0|6.0,1.0|6.0,2,2,2.558107180463433,2.558107180463433,0.0073299407958984375,0.011300802230834961,11,8,0.89476|5.98903,0.89476|5.98903,2,2
5000,30,Akt,PKC,6.0,2.5,2.5,0.012040138244628906,0.01097249984741211,1.0|6.0,1.0|6.0,2,2,2.5351507212726148,2.5351507212726148,0.008572816848754883,0.009231805801391602,11,8,1.00582|5.92388,1.00582|5.92388,2,2
5000,31,Akt,Raf,1.0,0.5,0.5,0.008137941360473633,0.006020307540893555,0.0|1.0,0.0|1.0,2,2,0.5477494987800144,0.5477494987800144,0.0076563358306884766,0.0068340301513671875,11,4,-0.07402|0.97852,-0.07402|0.97852,2,2
5000,32,Akt,Raf,1.0,0.5,0.5,0.010087013244628906,0.009833097457885742,0.0|1.0,0.0|1.0,2,2,0.48808649686548594,0.48808649686548594,0.009364128112792969,0.0071523189544677734,11,4,0.04242|1.01859,0.04242|1.01859,2,2
5000,33,Erk,Raf,1.0,0.3333333333333333,0.5,0.009034156799316406,0.008995771408081055,0.0|1.0,0.0|1.0,2,2,0.34846132254410883,0.509142780202768,0.011110544204711914,0.007618904113769531,11,3,-0.00344|0.9729|0.98515,-0.00344|0.98515,3,2
5000,34,Akt,Raf,1.0,0.5,0.5,0.008730888366699219,0.007779836654663086,0.0|1.0,0.0|1.0,2,2,0.5118566542248316,0.5118566542248316,0.008053064346313477,0.00714564323425293,11,4,0.00607|0.97022,0.00607|0.97022,2,2
5000,35,Erk,PKC,5.0,1.3333333333333333,1.3333333333333333,0.01871180534362793,0.010987043380737305,1.5|5.0|5.5,1.5|5.0|5.5,3,3,1.372616106668232,1.372616106668232,0.008697986602783203,0.009598970413208008,11,8,1.4395|4.91808|5.47543,1.4395|4.91808|5.47543,3,3
5000,36,Erk,Raf,1.0,0.3333333333333333,0.5,0.008076906204223633,0.0064067840576171875,0.0|1.0,0.0|1.0,2,2,0.33005248753020383,0.4906444345712252,0.007790565490722656,0.007927179336547852,11,3,0.02564|0.99113|0.99307,0.02564|0.99307,3,2
5000,37,Akt,PKC,6.0,2.5,2.5,0.010927200317382812,0.009641170501708984,1.0|6.0,1.0|6.0,2,2,2.4815139409021176,2.4815139409021176,0.010920047760009766,0.009759187698364258,11,8,1.08229|6.04532,1.08229|6.04532,2,2
5000,38,Erk,Raf,1.0,0.3333333333333333,0.5,0.011859416961669922,0.008484601974487305,0.0|1.0,0.0|1.0,2,2,0.3292942737342332,0.4928147923877894,0.01602482795715332,0.007797718048095703,11,3,0.02769|1.00225|1.01332,0.02769|1.01332,3,2
5000,39,Akt,Raf,1.0,0.5,0.5,0.010205268859863281,0.008828401565551758,0.0|1.0,0.0|1.0,2,2,0.4761304150181213,0.4761304150181213,0.010170698165893555,0.01007390022277832,11,4,0.05546|0.99228,0.05546|0.99228,2,2
5000,40,Akt,PKC,6.0,2.5,2.5,0.010212898254394531,0.009253740310668945,1.0|6.0,1.0|6.0,2,2,2.5791283436245913,2.5791283436245913,0.007209300994873047,0.010468244552612305,11,8,0.98576|6.14402,0.98576|6.14402,2,2
5000,41,Akt,PKC,6.0,2.5,2.5,0.008508443832397461,0.009264230728149414,1.0|6.0,1.0|6.0,2,2,2.5730903561236076,2.5730903561236076,0.008478879928588867,0.008912324905395508,11,8,0.96633|5.88749,0.96633|5.88749,2,2
5000,42,Akt,PKC,6.0,2.5,2.5,0.007600545883178711,0.00825810432434082,1.0|6.0,1.0|6.0,2,2,2.6113975923315804,2.6113975923315804,0.007048368453979492,0.007986307144165039,11,8,0.88144|5.89577,0.88144|5.89577,2,2
5000,43,Akt,PKC,6.0,2.5,2.5,0.007602214813232422,0.008140325546264648,1.0|6.0,1.0|6.0,2,2,2.623060827030884,2.623060827030884,0.0075702667236328125,0.007670402526855469,11,8,0.75754|6.00366,0.75754|6.00366,2,2
5000,44,Erk,PKC,5.0,1.3333333333333333,1.3333333333333333,0.011769294738769531,0.008037328720092773,1.5|5.0|5.5,1.5|5.0|5.5,3,3,1.3329713048607543,1.3329713048607543,0.008187532424926758,0.008581161499023438,11,8,1.53707|5.04072|5.49527,1.53707|5.04072|5.49527,3,3
5000,45,Akt,PKC,6.0,2.5,2.5,0.006781578063964844,0.0074770450592041016,1.0|6.0,1.0|6.0,2,2,2.587815709524891,2.587815709524891,0.006414651870727539,0.013251304626464844,11,8,0.88488|6.06051,0.88488|6.06051,2,2
5000,46,Akt,Mek,1.0,0.5,0.5,0.0073812007904052734,0.007296085357666016,0.0|1.0,0.0|1.0,2,2,0.4931574033173781,0.4931574033173781,0.006899833679199219,0.008318424224853516,11,3,0.02049|0.99319,0.02049|0.99319,2,2
5000,47,Erk,Raf,1.0,0.3333333333333333,0.5,0.015033483505249023,0.009302139282226562,0.0|1.0,0.0|1.0,2,2,0.34676109626684726,0.5113261888793306,0.009566068649291992,0.007811069488525391,11,3,-0.01422|0.98237|0.99157,-0.01422|0.99157,3,2
5000,48,Akt,Mek,1.0,0.5,0.5,0.009340763092041016,0.008560657501220703,0.0|1.0,0.0|1.0,2,2,0.5075146568682579,0.5075146568682579,0.008002281188964844,0.006940364837646484,11,3,0.01426|0.97072,0.01426|0.97072,2,2
5000,49,Akt,Mek,1.0,0.5,0.5,0.014861822128295898,0.009373903274536133,0.0|1.0,0.0|1.0,2,2,0.5092979043786333,0.5092979043786333,0.010636091232299805,0.009852409362792969,11,3,0.00104|0.98037,0.00104|0.98037,2,2
7500,0,Erk,Raf,1.0,0.3333333333333333,0.5,0.008966445922851562,0.008316278457641602,0.0|1.0,0.0|1.0,2,2,0.34682202629988007,0.5082442370049367,0.010326623916625977,0.01413869857788086,11,3,-0.0073|0.97602|0.99081,-0.0073|0.99081,3,2
7500,1,Akt,Mek,1.0,0.5,0.5,0.013479232788085938,0.00751185417175293,0.0|1.0,0.0|1.0,2,2,0.4998043013413664,0.4998043013413664,0.010483741760253906,0.006285429000854492,11,3,0.01598|1.01559,0.01598|1.01559,2,2
7500,2,Akt,Mek,1.0,0.5,0.5,0.021747589111328125,0.01228022575378418,0.0|1.0,0.0|1.0,2,2,0.4999032250365411,0.4999032250365411,0.008785486221313477,0.00976109504699707,11,3,0.01145|1.01126,0.01145|1.01126,2,2
7500,3,Akt,PKC,6.0,2.5,2.5,0.009129762649536133,0.02291083335876465,1.0|6.0,1.0|6.0,2,2,2.5880677644315915,2.5880677644315915,0.007529020309448242,0.014282941818237305,11,8,0.84476|6.02089,0.84476|6.02089,2,2
7500,4,Akt,Mek,1.0,0.5,0.5,0.01440286636352539,0.006845951080322266,0.0|1.0,0.0|1.0,2,2,0.5165621713307315,0.5165621713307315,0.012553215026855469,0.008148431777954102,11,3,-0.02493|1.0082,-0.02493|1.0082,2,2
7500,5,Akt,PKC,6.0,2.5,2.5,0.010445594787597656,0.010445594787597656,1.0|6.0,1.0|6.0,2,2,2.472407994579944,2.472407994579944,0.00798940658569336,0.00858306884765625,11,8,1.07772|5.97746,1.07772|5.97746,2,2
7500,6,Akt,Raf,1.0,0.5,0.5,0.01069021224975586,0.00900411605834961,0.0|1.0,0.0|1.0,2,2,0.5138928244956887,0.5138928244956887,0.00969386100769043,0.008158206939697266,11,4,-0.00796|1.01982,-0.00796|1.01982,2,2
7500,7,Erk,Raf,1.0,0.3333333333333333,0.5,0.01003718376159668,0.009829044342041016,0.0|1.0,0.0|1.0,2,2,0.3481243362412641,0.5039929190099759,0.007879972457885742,0.006499290466308594,11,3,0.00403|1.01202|1.03639,0.00403|1.01202,3,2
7500,8,Akt,Mek,1.0,0.5,0.5,0.01812744140625,0.011239290237426758,0.0|1.0,0.0|1.0,2,2,0.5008519002748537,0.5008519002748537,0.012452125549316406,0.0080108642578125,11,3,0.01375|1.01546,0.01375|1.01546,2,2
7500,9,Akt,Raf,1.0,0.5,0.5,0.014527082443237305,0.007457733154296875,0.0|1.0,0.0|1.0,2,2,0.5173240857313011,0.5173240857313011,0.008066654205322266,0.007965326309204102,11,4,-0.02476|1.00989,-0.02476|1.00989,2,2
7500,10,Erk,PKC,5.0,1.3333333333333333,1.3333333333333333,0.009333610534667969,0.011597156524658203,1.5|5.0|5.5,1.5|5.0|5.5,3,3,1.3353769793158634,1.3353769793158634,0.008356571197509766,0.012251853942871094,11,8,1.50902|4.96637|5.48152,1.50902|4.96637|5.48152,3,3
7500,11,Erk,PKC,5.0,1.3333333333333333,1.3333333333333333,0.008496761322021484,0.008992433547973633,1.5|5.0|5.5,1.5|5.0|5.5,3,3,1.3811871861129195,1.3811871861129195,0.008740663528442383,0.014710664749145508,11,8,1.50883|5.11688|5.53551,1.50883|5.11688|5.53551,3,3
7500,12,Erk,Raf,1.0,0.3333333333333333,0.5,0.009952783584594727,0.0077054500579833984,0.0|1.0,0.0|1.0,2,2,0.32374310696560776,0.48354172640905624,0.010599136352539062,0.008101701736450195,11,3,0.03375|0.99585|0.99917,0.03375|0.99917,3,2
7500,13,Akt,Mek,1.0,0.5,0.5,0.010007858276367188,0.008005619049072266,0.0|1.0,0.0|1.0,2,2,0.49676987764400415,0.49676987764400415,0.008088111877441406,0.0060999393463134766,11,3,0.01167|0.99479,0.01167|0.99479,2,2
7500,14,Akt,Raf,1.0,0.5,0.5,0.008713006973266602,0.008054971694946289,0.0|1.0,0.0|1.0,2,2,0.4928443060723045,0.4928443060723045,0.008657217025756836,0.007682323455810547,11,4,0.02593|0.98838,0.02593|0.98838,2,2
7500,15,Erk,Raf,1.0,0.3333333333333333,0.5,0.009441852569580078,0.00848078727722168,0.0|1.0,0.0|1.0,2,2,0.34764201452030025,0.5198313876441101,0.012440204620361328,0.007463932037353516,11,3,-0.03237|1.00326|1.00729,-0.03237|1.00729,3,2
7500,16,Akt,Mek,1.0,0.5,0.5,0.00815439224243164,0.007929801940917969,0.0|1.0,0.0|1.0,2,2,0.5014491168778024,0.5014491168778024,0.008807182312011719,0.007407426834106445,11,3,0.01851|1.02141,0.01851|1.02141,2,2
7500,17,Akt,PKC,6.0,2.5,2.5,0.009216785430908203,0.01530599594116211,1.0|6.0,1.0|6.0,2,2,2.5822023007087833,2.5822023007087833,0.008340835571289062,0.011736631393432617,11,8,0.87878|5.95681,0.87878|5.95681,2,2
7500,18,Akt,PKC,6.0,2.5,2.5,0.11953258514404297,0.009562492370605469,1.0|6.0,1.0|6.0,2,2,2.4136415982428043,2.4136415982428043,0.00801992416381836,0.00848841667175293,11,8,1.18763|5.98508,1.18763|5.98508,2,2
7500,19,Erk,PKC,5.0,1.3333333333333333,1.3333333333333333,0.008500099182128906,0.008323431015014648,1.5|5.0|5.5,1.5|5.0|5.5,3,3,1.3379141670685435,1.3379141670685435,0.012050390243530273,0.007711887359619141,11,8,1.51127|4.92936|5.45437,1.51127|4.92936|5.45437,3,3
7500,20,Erk,Raf,1.0,0.3333333333333333,0.5,0.008944511413574219,0.006735324859619141,0.0|1.0,0.0|1.0,2,2,0.3205035322217234,0.478438480905234,0.007138967514038086,0.0062062740325927734,11,3,0.04461|0.99851|1.00463,0.04461|0.99851,3,2
7500,21,Akt,Mek,1.0,0.5,0.5,0.007814645767211914,0.006334543228149414,0.0|1.0,0.0|1.0,2,2,0.48936816221498025,0.48936816221498025,0.007562875747680664,0.006334066390991211,11,3,0.03131|0.98995,0.03131|0.98995,2,2
7500,22,Akt,Raf,1.0,0.5,0.5,0.00947427749633789,0.007658243179321289,0.0|1.0,0.0|1.0,2,2,0.5080230695611115,0.5080230695611115,0.007031440734863281,0.0063135623931884766,11,4,-0.01171|1.00433,-0.01171|1.00433,2,2
7500,23,Akt,Mek,1.0,0.5,0.5,0.01146245002746582,0.007216453552246094,0.0|1.0,0.0|1.0,2,2,0.49671860547486296,0.49671860547486296,0.009436368942260742,0.008412361145019531,11,3,0.01032|1.00376,0.01032|1.00376,2,2
7500,24,Erk,Raf,1.0,0.3333333333333333,0.5,0.008328914642333984,0.006467103958129883,0.0|1.0,0.0|1.0,2,2,0.3425580360742317,0.5048898084666639,0.008086204528808594,0.006174564361572266,11,3,-0.00544|0.98211|0.99566,-0.00544|0.99566,3,2
7500,25,Erk,PKC,5.0,1.3333333333333333,1.3333333333333333,0.007519721984863281,0.010905981063842773,1.5|5.0|5.5,1.5|5.0|5.5,3,3,1.3566777977289692,1.3566777977289692,0.007975578308105469,0.009122371673583984,11,8,1.56751|5.10161|5.53594,1.56751|5.10161|5.53594,3,3
7500,26,Erk,PKC,5.0,1.3333333333333333,1.3333333333333333,0.008850336074829102,0.010992050170898438,1.5|5.0|5.5,1.5|5.0|5.5,3,3,1.3832664381842548,1.3832664381842548,0.008679866790771484,0.011287450790405273,11,8,1.40577|4.8851|5.44067,1.40577|4.8851|5.44067,3,3
7500,27,Akt,PKC,6.0,2.5,2.5,0.008925914764404297,0.00847625732421875,1.0|6.0,1.0|6.0,2,2,2.5193780808660464,2.5193780808660464,0.0073931217193603516,0.007843971252441406,11,8,1.08602|6.12478,1.08602|6.12478,2,2
7500,28,Akt,PKC,6.0,2.5,2.5,0.008707284927368164,0.01159977912902832,1.0|6.0,1.0|6.0,2,2,2.6164954860006153,2.6164954860006153,0.015961885452270508,0.012922048568725586,11,8,0.77529|6.00828,0.77529|6.00828,2,2
7500,29,Erk,PKC,5.0,1.3333333333333333,1.3333333333333333,0.008900880813598633,0.012100458145141602,1.5|5.0|5.5,1.5|5.0|5.5,3,3,1.3633000722085822,1.3633000722085822,0.011944770812988281,0.010304450988769531,11,8,1.57436|5.11484|5.54942,1.57436|5.11484|5.54942,3,3
7500,30,Erk,Raf,1.0,0.3333333333333333,0.5,0.007938146591186523,0.006936073303222656,0.0|1.0,0.0|1.0,2,2,0.3487312208768114,0.5157994018813362,0.0075168609619140625,0.007210969924926758,11,3,-0.02662|0.98541|0.99502,-0.02662|0.99502,3,2
7500,31,Erk,Raf,1.0,0.3333333333333333,0.5,0.008991003036499023,0.0074748992919921875,0.0|1.0,0.0|1.0,2,2,0.33297026722101947,0.4908583487122476,0.00753021240234375,0.012061834335327148,11,3,0.02157|1.00329|1.01719,0.02157|1.00329,3,2
7500,32,Akt,PKC,6.0,2.5,2.5,0.009815454483032227,0.011143207550048828,1.0|6.0,1.0|6.0,2,2,2.505436297195985,2.505436297195985,0.011816263198852539,0.016309499740600586,11,8,1.01554|6.02642,1.01554|6.02642,2,2
7500,33,Erk,PKC,5.0,1.3333333333333333,1.3333333333333333,0.00803232192993164,0.01211237907409668,1.5|5.0|5.5,1.5|5.0|5.5,3,3,1.3504590837620338,1.3504590837620338,0.008723020553588867,0.009193658828735352,11,8,1.60884|5.12457|5.53565,1.60884|5.12457|5.53565,3,3
7500,34,Akt,PKC,6.0,2.5,2.5,0.01102757453918457,0.008608341217041016,1.0|6.0,1.0|6.0,2,2,2.4896502991154716,2.4896502991154716,0.0068895816802978516,0.007672786712646484,11,8,1.0507|5.97,1.0507|5.97,2,2
7500,35,Akt,Raf,1.0,0.5,0.5,0.008864879608154297,0.008057355880737305,0.0|1.0,0.0|1.0,2,2,0.5152962843166382,0.5152962843166382,0.008191347122192383,0.00898122787475586,11,4,-0.01296|0.98236,-0.01296|0.98236,2,2
7500,36,Akt,Raf,1.0,0.5,0.5,0.008861303329467773,0.007973909378051758,0.0|1.0,0.0|1.0,2,2,0.5378515917245885,0.5378515917245885,0.012726306915283203,0.005639791488647461,11,4,-0.05743|0.98173,-0.05743|0.98173,2,2
7500,37,Erk,PKC,5.0,1.3333333333333333,1.3333333333333333,0.008457422256469727,0.011823177337646484,1.5|5.0|5.5,1.5|5.0|5.5,3,3,1.352140247992654,1.352140247992654,0.007991313934326172,0.01037907600402832,11,8,1.48326|5.02809|5.5116,1.48326|5.02809|5.5116,3,3
7500,38,Akt,Raf,1.0,0.5,0.5,0.008046627044677734,0.0067784786224365234,0.0|1.0,0.0|1.0,2,2,0.5416300256472697,0.5416300256472697,0.007769346237182617,0.006190776824951172,11,4,-0.04261|0.95935,-0.04261|0.95935,2,2
7500,39,Akt,Mek,1.0,0.5,0.5,0.023818254470825195,0.006809711456298828,0.0|1.0,0.0|1.0,2,2,0.5162630197586974,0.5162630197586974,0.007978439331054688,0.006096839904785156,11,3,-0.02317|1.00936,-0.02317|1.00936,2,2
7500,40,Erk,PKC,5.0,1.3333333333333333,1.3333333333333333,0.010724306106567383,0.013230085372924805,1.5|5.0|5.5,1.5|5.0|5.5,3,3,1.3807974602050208,1.3807974602050208,0.010528802871704102,0.0196077823638916,11,8,1.41863|5.05174|5.50929,1.41863|5.05174|5.50929,3,3
7500,41,Akt,PKC,6.0,2.5,2.5,0.009974002838134766,0.009139537811279297,1.0|6.0,1.0|6.0,2,2,2.5230435543871756,2.5230435543871756,0.008066892623901367,0.007767438888549805,11,8,1.02572|5.92819,1.02572|5.92819,2,2
7500,42,Erk,Raf,1.0,0.3333333333333333,0.5,0.008475065231323242,0.011414766311645508,0.0|1.0,0.0|1.0,2,2,0.3260882902591246,0.47888041498815637,0.009614229202270508,0.008006811141967773,11,3,0.0489|1.00667|1.0205,0.0489|1.00667,3,2
7500,43,Erk,Raf,1.0,0.3333333333333333,0.5,0.010160684585571289,0.007959365844726562,0.0|1.0,0.0|1.0,2,2,0.3577827836265793,0.5216869571544538,0.007972002029418945,0.007884979248046875,11,3,-0.03069|0.97003|0.98732,-0.03069|0.98732,3,2
7500,44,Akt,Mek,1.0,0.5,0.5,0.009426355361938477,0.007145404815673828,0.0|1.0,0.0|1.0,2,2,0.51951279556055,0.51951279556055,0.008309125900268555,0.013147830963134766,11,3,-0.01635|0.97732,-0.01635|0.97732,2,2
7500,45,Akt,Raf,1.0,0.5,0.5,0.006863832473754883,0.005880594253540039,0.0|1.0,0.0|1.0,2,2,0.5077655951453421,0.5077655951453421,0.0065081119537353516,0.0074291229248046875,11,4,-0.0123|0.99677,-0.0123|0.99677,2,2
7500,46,Erk,PKC,5.0,1.3333333333333333,1.3333333333333333,0.007928609848022461,0.007586240768432617,1.5|5.0|5.5,1.5|5.0|5.5,3,3,1.3515735760861523,1.3515735760861523,0.0072863101959228516,0.006966114044189453,11,8,1.52848|5.0589|5.5243,1.52848|5.0589|5.5243,3,3
7500,47,Akt,Raf,1.0,0.5,0.5,0.008864879608154297,0.009955883026123047,0.0|1.0,0.0|1.0,2,2,0.5377455671029897,0.5377455671029897,0.008236885070800781,0.01262354850769043,11,4,-0.05701|0.98152,-0.05701|0.98152,2,2
7500,48,Akt,Raf,1.0,0.5,0.5,0.019456148147583008,0.008454322814941406,0.0|1.0,0.0|1.0,2,2,0.5024856935770151,0.5024856935770151,0.009782552719116211,0.007999420166015625,11,4,0.00279|0.99223,0.00279|0.99223,2,2
7500,49,Akt,PKC,6.0,2.5,2.5,0.008072376251220703,0.008316278457641602,1.0|6.0,1.0|6.0,2,2,2.48556995714368,2.48556995714368,0.007994651794433594,0.015538692474365234,11,8,1.06649|5.96237,1.06649|5.96237,2,2
10000,0,Akt,Raf,1.0,0.5,0.5,0.008246421813964844,0.0113372802734375,0.0|1.0,0.0|1.0,2,2,0.5022161380313693,0.5022161380313693,0.011283636093139648,0.008113384246826172,11,4,0.00583|0.98974,0.00583|0.98974,2,2
10000,1,Erk,PKC,5.0,1.3333333333333333,1.3333333333333333,0.0077152252197265625,0.009122371673583984,1.5|5.0|5.5,1.5|5.0|5.5,3,3,1.350327810990365,1.350327810990365,0.013105392456054688,0.00830388069152832,11,8,1.47657|4.94002|5.46758,1.47657|4.94002|5.46758,3,3
10000,2,Erk,PKC,5.0,1.3333333333333333,1.3333333333333333,0.010933399200439453,0.012689828872680664,1.5|5.0|5.5,1.5|5.0|5.5,3,3,1.3526855830484414,1.3526855830484414,0.017678260803222656,0.010690689086914062,11,8,1.49721|5.03345|5.52182,1.49721|5.03345|5.52182,3,3
10000,3,Akt,Mek,1.0,0.5,0.5,0.009991645812988281,0.007094860076904297,0.0|1.0,0.0|1.0,2,2,0.5048382051772891,0.5048382051772891,0.007266521453857422,0.006743192672729492,11,3,0.00847|0.98185,0.00847|0.98185,2,2
10000,4,Akt,Raf,1.0,0.5,0.5,0.015467405319213867,0.009074211120605469,0.0|1.0,0.0|1.0,2,2,0.49303418337269345,0.49303418337269345,0.007981300354003906,0.006323814392089844,11,4,0.01499|0.99894,0.01499|0.99894,2,2
10000,5,Akt,PKC,6.0,2.5,2.5,0.014263391494750977,0.010619163513183594,1.0|6.0,1.0|6.0,2,2,2.5142167177742603,2.5142167177742603,0.010802984237670898,0.012816190719604492,11,8,0.97569|6.00412,0.97569|6.00412,2,2
10000,6,Erk,Raf,1.0,0.3333333333333333,0.5,0.010709285736083984,0.008524894714355469,0.0|1.0,0.0|1.0,2,2,0.3477965670846624,0.5176835868228953,0.010383367538452148,0.007197141647338867,11,3,-0.02496|0.98959|0.99198,-0.02496|0.98959,3,2
10000,7,Erk,PKC,5.0,1.3333333333333333,1.3333333333333333,0.008969306945800781,0.010297298431396484,1.5|5.0|5.5,1.5|5.0|5.5,3,3,1.3180940048547196,1.3180940048547196,0.008051395416259766,0.008540868759155273,11,8,1.56501|4.98508|5.50437,1.56501|4.98508|5.50437,3,3
10000,8,Akt,PKC,6.0,2.5,2.5,0.009306669235229492,0.009612798690795898,1.0|6.0,1.0|6.0,2,2,2.5297993388397226,2.5297993388397226,0.008303642272949219,0.012895584106445312,11,8,0.95717|5.98324,0.95717|5.98324,2,2
10000,9,Akt,PKC,6.0,2.5,2.5,0.008473634719848633,0.009736776351928711,1.0|6.0,1.0|6.0,2,2,2.58413276801392,2.58413276801392,0.00677800178527832,0.008488893508911133,11,8,0.83391|5.99782,0.83391|5.99782,2,2
10000,10,Erk,Raf,1.0,0.3333333333333333,0.5,0.010868072509765625,0.008629083633422852,0.0|1.0,0.0|1.0,2,2,0.34463316064679117,0.5053097357681955,0.009040117263793945,0.007546663284301758,11,3,-0.00347|1.00714|1.02328,-0.00347|1.00714,3,2
10000,11,Akt,PKC,6.0,2.5,2.5,0.00872039794921875,0.010462522506713867,1.0|6.0,1.0|6.0,2,2,2.492803509775097,2.492803509775097,0.007687568664550781,0.009241580963134766,11,8,1.02706|5.98733,1.02706|5.98733,2,2
10000,12,Akt,PKC,6.0,2.5,2.5,0.008934974670410156,0.009953498840332031,1.0|6.0,1.0|6.0,2,2,2.5835869423223423,2.5835869423223423,0.008800268173217773,0.010306596755981445,11,8,0.9898|6.15697,0.9898|6.15697,2,2
10000,13,Akt,Raf,1.0,0.5,0.5,0.01148223876953125,0.008947134017944336,0.0|1.0,0.0|1.0,2,2,0.5017582455502666,0.5017582455502666,0.011059284210205078,0.009043455123901367,11,4,-0.00339|1.00013,-0.00339|1.00013,2,2
10000,14,Akt,PKC,6.0,2.5,2.5,0.008035421371459961,0.009010553359985352,1.0|6.0,1.0|6.0,2,2,2.465995061448098,2.465995061448098,0.00791478157043457,0.015269994735717773,11,8,1.06813|6.00012,1.06813|6.00012,2,2
10000,15,Erk,Raf,1.0,0.3333333333333333,0.5,0.015302896499633789,0.00793910026550293,0.0|1.0,0.0|1.0,2,2,0.329789131210432,0.4883981086801146,0.008574962615966797,0.0063190460205078125,11,3,0.02379|0.98743|0.99941,0.02379|0.99941,3,2
10000,16,Akt,PKC,6.0,2.5,2.5,0.0075647830963134766,0.009064674377441406,1.0|6.0,1.0|6.0,2,2,2.5998765776052584,2.5998765776052584,0.010683059692382812,0.009993791580200195,11,8,0.81218|6.01194,0.81218|6.01194,2,2
10000,17,Akt,PKC,6.0,2.5,2.5,0.009488105773925781,0.010061979293823242,1.0|6.0,1.0|6.0,2,2,2.59939738536386,2.59939738536386,0.00858926773071289,0.019378662109375,11,8,0.89888|5.90233,0.89888|5.90233,2,2
10000,18,Erk,PKC,5.0,1.3333333333333333,1.3333333333333333,0.011569976806640625,0.012343645095825195,1.5|5.0|5.5,1.5|5.0|5.5,3,3,1.3338194840514195,1.3338194840514195,0.009250402450561523,0.010410308837890625,11,8,1.51244|5.00607|5.50783,1.51244|5.00607|5.50783,3,3
10000,19,Erk,PKC,5.0,1.3333333333333333,1.3333333333333333,0.010568380355834961,0.009665489196777344,1.5|5.0|5.5,1.5|5.0|5.5,3,3,1.3350813802023842,1.3350813802023842,0.010265827178955078,0.008111715316772461,11,8,1.52999|4.95622|5.49146,1.52999|4.95622|5.49146,3,3
10000,20,Erk,Raf,1.0,0.3333333333333333,0.5,0.0076215267181396484,0.0061419010162353516,0.0|1.0,0.0|1.0,2,2,0.34058817861212937,0.5006088629885296,0.007631778717041016,0.005881786346435547,11,3,0.00168|1.00289|1.02055,0.00168|1.00289,3,2
10000,21,Erk,Raf,1.0,0.3333333333333333,0.5,0.009306669235229492,0.0068781375885009766,0.0|1.0,0.0|1.0,2,2,0.34030651480246515,0.5072021815417818,0.00867009162902832,0.00865936279296875,11,3,-0.01386|0.99348|0.99945,-0.01386|0.99945,3,2
10000,22,Erk,Raf,1.0,0.3333333333333333,0.5,0.010246992111206055,0.008101463317871094,0.0|1.0,0.0|1.0,2,2,0.32842753857976575,0.4888405268657735,0.008779525756835938,0.007151126861572266,11,3,0.0264|1.00408|1.0076,0.0264|1.00408,3,2
10000,23,Erk,Raf,1.0,0.3333333333333333,0.5,0.008291959762573242,0.006076812744140625,0.0|1.0,0.0|1.0,2,2,0.3389765674563054,0.5040367067491023,0.007574319839477539,0.010351896286010742,11,3,0.00074|1.00882|1.00886,0.00074|1.00882,3,2
10000,24,Erk,PKC,5.0,1.3333333333333333,1.3333333333333333,0.008748292922973633,0.012027502059936523,1.5|5.0|5.5,1.5|5.0|5.5,3,3,1.33981644473684,1.33981644473684,0.011237859725952148,0.010337352752685547,11,8,1.52032|5.01449|5.52527,1.52032|5.01449|5.52527,3,3
10000,25,Akt,Mek,1.0,0.5,0.5,0.010821819305419922,0.007802486419677734,0.0|1.0,0.0|1.0,2,2,0.49404354700157826,0.49404354700157826,0.008382558822631836,0.006354093551635742,11,3,0.02587|1.01396,0.02587|1.01396,2,2
10000,26,Akt,Raf,1.0,0.5,0.5,0.008445978164672852,0.01530599594116211,0.0|1.0,0.0|1.0,2,2,0.5220620976172472,0.5220620976172472,0.008060693740844727,0.012237310409545898,11,4,-0.03694|1.00718,-0.03694|1.00718,2,2
10000,27,Akt,Mek,1.0,0.5,0.5,0.009739875793457031,0.009093523025512695,0.0|1.0,0.0|1.0,2,2,0.5250479376951547,0.5250479376951547,0.014432430267333984,0.007536888122558594,11,3,-0.03101|0.98092,-0.03101|0.98092,2,2
10000,28,Akt,Raf,1.0,0.5,0.5,0.018380403518676758,0.012843847274780273,0.0|1.0,0.0|1.0,2,2,0.5028061819014962,0.5028061819014962,0.01528620719909668,0.00973367691040039,11,4,-0.00457|0.99896,-0.00457|0.99896,2,2
10000,29,Erk,PKC,5.0,1.3333333333333333,1.3333333333333333,0.010056495666503906,0.0118865966796875,1.5|5.0|5.5,1.5|5.0|5.5,3,3,1.3576302796392898,1.3576302796392898,0.01530599594116211,0.008553028106689453,11,8,1.47003|4.97194|5.51485,1.47003|4.97194|5.51485,3,3
10000,30,Erk,Raf,1.0,0.3333333333333333,0.5,0.008336305618286133,0.010465383529663086,0.0|1.0,0.0|1.0,2,2,0.33728239286295,0.5010934309176105,0.012277603149414062,0.006433248519897461,11,3,0.0077|1.00966|1.00989,0.0077|1.00989,3,2
10000,31,Akt,Mek,1.0,0.5,0.5,0.008863449096679688,0.00772404670715332,0.0|1.0,0.0|1.0,2,2,0.5027194428516222,0.5027194428516222,0.008153915405273438,0.006113290786743164,11,3,-0.00426|1.00118,-0.00426|1.00118,2,2
10000,32,Akt,PKC,6.0,2.5,2.5,0.008593082427978516,0.010663747787475586,1.0|6.0,1.0|6.0,2,2,2.4686737615654715,2.4686737615654715,0.014343976974487305,0.01131129264831543,11,8,1.08204|6.01939,1.08204|6.01939,2,2
10000,33,Erk,PKC,5.0,1.3333333333333333,1.3333333333333333,0.010718345642089844,0.012743711471557617,1.5|5.0|5.5,1.5|5.0|5.5,3,3,1.3876819180587923,1.3876819180587923,0.009938955307006836,0.015744447708129883,11,8,1.39509|4.87392|5.43206,1.39509|4.87392|5.43206,3,3
10000,34,Akt,Mek,1.0,0.5,0.5,0.009137868881225586,0.007741451263427734,0.0|1.0,0.0|1.0,2,2,0.495576850267893,0.495576850267893,0.009675264358520508,0.007226228713989258,11,3,0.02261|1.01376,0.02261|1.01376,2,2
10000,35,Erk,Raf,1.0,0.3333333333333333,0.5,0.009950637817382812,0.008068323135375977,0.0|1.0,0.0|1.0,2,2,0.3424711712599429,0.5102147856009178,0.010605335235595703,0.0060307979583740234,11,3,-0.01284|1.00698|1.00759,-0.01284|1.00759,3,2
10000,36,Erk,Raf,1.0,0.3333333333333333,0.5,0.009868860244750977,0.008554935455322266,0.0|1.0,0.0|1.0,2,2,0.32540481971137253,0.4766534444611931,0.010150909423828125,0.008219003677368164,11,3,0.0508|1.00411|1.02291,0.0508|1.00411,3,2
10000,37,Akt,Raf,1.0,0.5,0.5,0.00782322883605957,0.006910562515258789,0.0|1.0,0.0|1.0,2,2,0.4888249336935978,0.4888249336935978,0.007238626480102539,0.006190061569213867,11,4,0.03789|1.01554,0.03789|1.01554,2,2
10000,38,Erk,Raf,1.0,0.3333333333333333,0.5,0.008279561996459961,0.006808042526245117,0.0|1.0,0.0|1.0,2,2,0.328174639723498,0.4911745205127091,0.0076100826263427734,0.007171154022216797,11,3,0.02405|1.00217|1.0064,0.02405|1.0064,3,2
10000,39,Akt,Raf,1.0,0.5,0.5,0.013045310974121094,0.010409832000732422,0.0|1.0,0.0|1.0,2,2,0.49898259724235705,0.49898259724235705,0.011320829391479492,0.008089303970336914,11,4,0.00837|1.00634,0.00837|1.00634,2,2
10000,40,Akt,PKC,6.0,2.5,2.5,0.00943756103515625,0.010835647583007812,1.0|6.0,1.0|6.0,2,2,2.511021002813206,2.511021002813206,0.014574289321899414,0.010882377624511719,11,8,1.01148|6.03352,1.01148|6.03352,2,2
10000,41,Akt,Raf,1.0,0.5,0.5,0.00995492935180664,0.010060787200927734,0.0|1.0,0.0|1.0,2,2,0.5217751821853196,0.5217751821853196,0.018685579299926758,0.007895469665527344,11,4,-0.0246|1.01895,-0.0246|1.01895,2,2
10000,42,Erk,PKC,5.0,1.3333333333333333,1.3333333333333333,0.009276866912841797,0.009049415588378906,1.5|5.0|5.5,1.5|5.0|5.5,3,3,1.3555109301596826,1.3555109301596826,0.008107185363769531,0.007899999618530273,11,8,1.42498|4.98388|5.47539,1.42498|4.98388|5.47539,3,3
10000,43,Akt,Mek,1.0,0.5,0.5,0.00917816162109375,0.008380651473999023,0.0|1.0,0.0|1.0,2,2,0.5174041202459141,0.5174041202459141,0.008923053741455078,0.00904226303100586,11,3,-0.00539|1.02942,-0.00539|1.02942,2,2
10000,44,Akt,Raf,1.0,0.5,0.5,0.00958108901977539,0.008765220642089844,0.0|1.0,0.0|1.0,2,2,0.4966904817560939,0.4966904817560939,0.007955312728881836,0.007417917251586914,11,4,0.02185|1.01523,0.02185|1.01523,2,2
10000,45,Akt,Mek,1.0,0.5,0.5,0.010527372360229492,0.007593393325805664,0.0|1.0,0.0|1.0,2,2,0.48485779244712984,0.48485779244712984,0.008979558944702148,0.008918046951293945,11,3,0.03411|1.00383,0.03411|1.00383,2,2
10000,46,Erk,PKC,5.0,1.3333333333333333,1.3333333333333333,0.008704185485839844,0.008150815963745117,1.5|5.0|5.5,1.5|5.0|5.5,3,3,1.3725379257721644,1.3725379257721644,0.008126020431518555,0.00852346420288086,11,8,1.42322|5.04997|5.49086,1.42322|5.04997|5.49086,3,3
10000,47,Akt,PKC,6.0,2.5,2.5,0.00702214241027832,0.009810924530029297,1.0|6.0,1.0|6.0,2,2,2.566425198197957,2.566425198197957,0.013994455337524414,0.009114503860473633,11,8,0.93911|6.07196,0.93911|6.07196,2,2
10000,48,Akt,Raf,1.0,0.5,0.5,0.007631540298461914,0.00716853141784668,0.0|1.0,0.0|1.0,2,2,0.5036322016145915,0.5036322016145915,0.007980108261108398,0.006254434585571289,11,4,0.00824|0.98449,0.00824|0.98449,2,2
10000,49,Erk,Raf,1.0,0.3333333333333333,0.5,0.011353015899658203,0.008762836456298828,0.0|1.0,0.0|1.0,2,2,0.34371969786673534,0.500192853032069,0.011494874954223633,0.008381366729736328,11,3,0.00598|0.96923|0.99364,0.00598|0.99364,3,2
